Team;Median of Age;Median of Non-Penalty Goals;Median of Penalty Goals;Median of Assists;Median of PrgC;Median of PrgP_x;Median of PrgR_x;Median of Gls/90;Median of Ast/90;Median of G+A/90;Median of G-PK/90;Median of G+A-PK/90;Median of xG/90;Median of xAG/90;Median of xG + xAG/90;Median of npxG/90;Median of npxG + xAG/90;Median of Matches Played;Median of Starts_x;Median of GA;Median of GA90;Median of SoTA;Median of Saves;Median of Save%;Median of Save%.1;Median of W;Median of D;Median of L;Median of CS;Median of CS%;Median of PKatt;Median of PKA;Median of PKsv;Median of PKm;Median of Gls;Median of Sh_x;Median of SoT;Median of SoT%;Median of Sh/90;Median of SoT/90;Median of G/Sh;Median of G/SoT;Median of Dist;Median of FK;Median of PK;Median of PKatt_shooting;Median of xG;Median of npxG;Median of npxG/Sh;Median of G-xG;Median of np:G-xG;Median of Cmp;Median of Att_x;Median of Cmp%;Median of TotDist_x;Median of PrgDist;Median of Cmp_Short;Median of Att_Short;Median of Cmp%_Short;Median of Cmp_Medium;Median of Att_Medium;Median of Cmp%_Medium;Median of Cmp_Long;Median of Att_Long;Median of Cmp%_Long;Median of Ast;Median of xAG;Median of xA;Median of A-xAG;Median of KP;Median of 1/3_x;Median of PPA;Median of CrsPA;Median of PrgP_y;Median of Total Passes;Median of Live_x;Median of Dead;Median of FK_pass;Median of TB;Median of Sw;Median of Crs_x;Median of TI;Median of CK;Median of In;Median of Out;Median of Str;Median of Cmp_pass;Median of Off_x;Median of Blocks_x;Median of SCA;Median of SCA90;Median of SCA - PassLive;Median of SCA - PassDead;Median of SCA - TO;Median of SCA - Sh;Median of SCA - Fld;Median of SCA - Def;Median of GCA;Median of GCA90;Median of GCA - PassLive;Median of GCA - PassDead;Median of GCA - TO;Median of GCA - Sh;Median of GCA - Fld;Median of GCA - Def;Median of Tkl;Median of TklW;Median of Def 3rd_x;Median of Mid 3rd_x;Median of Att 3rd_x;Median of Tkl_challenge;Median of Att_y;Median of Tkl%;Median of Lost_x;Median of Blocks_y;Median of Sh_y;Median of Pass;Median of Int;Median of Tkl + Int;Median of Clr;Median of Err;Median of Touches;Median of Def Pen;Median of Def 3rd_y;Median of Mid 3rd_y;Median of Att 3rd_y;Median of Att Pen;Median of Live_y;Median of Att;Median of Succ;Median of Succ%;Median of Carries;Median of TotDist_y;Median of ProDist;Median of ProgC;Median of 1/3_y;Median of CPA;Median of Mis;Median of Dis;Median of Rec;Median of PrgR_y;Median of Matches;Median of Mn/Game;Median of Min %;Median of 90s;Median of Starts_y;Median of Mn/Start;Median of Compl;Median of Subs;Median of Mn/Sub;Median of unSub;Median of PPM;Median of onG;Median of onGA;Median of onxG;Median of onxGA;Median of Plus/Minus;Median of Plus/Minus/90;Median of Plus/Minus/WoWy;Median of Yellow Cards;Median of Red Cards;Median of Yellow-Red Cards;Median of Fls;Median of Fld;Median of Off_y;Median of Crs_y;Median of Won;Median of Lost_y;Median of Won%;Median of Recov;Mean of Age;Mean of Non-Penalty Goals;Mean of Penalty Goals;Mean of Assists;Mean of PrgC;Mean of PrgP_x;Mean of PrgR_x;Mean of Gls/90;Mean of Ast/90;Mean of G+A/90;Mean of G-PK/90;Mean of G+A-PK/90;Mean of xG/90;Mean of xAG/90;Mean of xG + xAG/90;Mean of npxG/90;Mean of npxG + xAG/90;Mean of Matches Played;Mean of Starts_x;Mean of GA;Mean of GA90;Mean of SoTA;Mean of Saves;Mean of Save%;Mean of Save%.1;Mean of W;Mean of D;Mean of L;Mean of CS;Mean of CS%;Mean of PKatt;Mean of PKA;Mean of PKsv;Mean of PKm;Mean of Gls;Mean of Sh_x;Mean of SoT;Mean of SoT%;Mean of Sh/90;Mean of SoT/90;Mean of G/Sh;Mean of G/SoT;Mean of Dist;Mean of FK;Mean of PK;Mean of PKatt_shooting;Mean of xG;Mean of npxG;Mean of npxG/Sh;Mean of G-xG;Mean of np:G-xG;Mean of Cmp;Mean of Att_x;Mean of Cmp%;Mean of TotDist_x;Mean of PrgDist;Mean of Cmp_Short;Mean of Att_Short;Mean of Cmp%_Short;Mean of Cmp_Medium;Mean of Att_Medium;Mean of Cmp%_Medium;Mean of Cmp_Long;Mean of Att_Long;Mean of Cmp%_Long;Mean of Ast;Mean of xAG;Mean of xA;Mean of A-xAG;Mean of KP;Mean of 1/3_x;Mean of PPA;Mean of CrsPA;Mean of PrgP_y;Mean of Total Passes;Mean of Live_x;Mean of Dead;Mean of FK_pass;Mean of TB;Mean of Sw;Mean of Crs_x;Mean of TI;Mean of CK;Mean of In;Mean of Out;Mean of Str;Mean of Cmp_pass;Mean of Off_x;Mean of Blocks_x;Mean of SCA;Mean of SCA90;Mean of SCA - PassLive;Mean of SCA - PassDead;Mean of SCA - TO;Mean of SCA - Sh;Mean of SCA - Fld;Mean of SCA - Def;Mean of GCA;Mean of GCA90;Mean of GCA - PassLive;Mean of GCA - PassDead;Mean of GCA - TO;Mean of GCA - Sh;Mean of GCA - Fld;Mean of GCA - Def;Mean of Tkl;Mean of TklW;Mean of Def 3rd_x;Mean of Mid 3rd_x;Mean of Att 3rd_x;Mean of Tkl_challenge;Mean of Att_y;Mean of Tkl%;Mean of Lost_x;Mean of Blocks_y;Mean of Sh_y;Mean of Pass;Mean of Int;Mean of Tkl + Int;Mean of Clr;Mean of Err;Mean of Touches;Mean of Def Pen;Mean of Def 3rd_y;Mean of Mid 3rd_y;Mean of Att 3rd_y;Mean of Att Pen;Mean of Live_y;Mean of Att;Mean of Succ;Mean of Succ%;Mean of Carries;Mean of TotDist_y;Mean of ProDist;Mean of ProgC;Mean of 1/3_y;Mean of CPA;Mean of Mis;Mean of Dis;Mean of Rec;Mean of PrgR_y;Mean of Matches;Mean of Mn/Game;Mean of Min %;Mean of 90s;Mean of Starts_y;Mean of Mn/Start;Mean of Compl;Mean of Subs;Mean of Mn/Sub;Mean of unSub;Mean of PPM;Mean of onG;Mean of onGA;Mean of onxG;Mean of onxGA;Mean of Plus/Minus;Mean of Plus/Minus/90;Mean of Plus/Minus/WoWy;Mean of Yellow Cards;Mean of Red Cards;Mean of Yellow-Red Cards;Mean of Fls;Mean of Fld;Mean of Off_y;Mean of Crs_y;Mean of Won;Mean of Lost_y;Mean of Won%;Mean of Recov;Std of Age;Std of Non-Penalty Goals;Std of Penalty Goals;Std of Assists;Std of PrgC;Std of PrgP_x;Std of PrgR_x;Std of Gls/90;Std of Ast/90;Std of G+A/90;Std of G-PK/90;Std of G+A-PK/90;Std of xG/90;Std of xAG/90;Std of xG + xAG/90;Std of npxG/90;Std of npxG + xAG/90;Std of Matches Played;Std of Starts_x;Std of GA;Std of GA90;Std of SoTA;Std of Saves;Std of Save%;Std of Save%.1;Std of W;Std of D;Std of L;Std of CS;Std of CS%;Std of PKatt;Std of PKA;Std of PKsv;Std of PKm;Std of Gls;Std of Sh_x;Std of SoT;Std of SoT%;Std of Sh/90;Std of SoT/90;Std of G/Sh;Std of G/SoT;Std of Dist;Std of FK;Std of PK;Std of PKatt_shooting;Std of xG;Std of npxG;Std of npxG/Sh;Std of G-xG;Std of np:G-xG;Std of Cmp;Std of Att_x;Std of Cmp%;Std of TotDist_x;Std of PrgDist;Std of Cmp_Short;Std of Att_Short;Std of Cmp%_Short;Std of Cmp_Medium;Std of Att_Medium;Std of Cmp%_Medium;Std of Cmp_Long;Std of Att_Long;Std of Cmp%_Long;Std of Ast;Std of xAG;Std of xA;Std of A-xAG;Std of KP;Std of 1/3_x;Std of PPA;Std of CrsPA;Std of PrgP_y;Std of Total Passes;Std of Live_x;Std of Dead;Std of FK_pass;Std of TB;Std of Sw;Std of Crs_x;Std of TI;Std of CK;Std of In;Std of Out;Std of Str;Std of Cmp_pass;Std of Off_x;Std of Blocks_x;Std of SCA;Std of SCA90;Std of SCA - PassLive;Std of SCA - PassDead;Std of SCA - TO;Std of SCA - Sh;Std of SCA - Fld;Std of SCA - Def;Std of GCA;Std of GCA90;Std of GCA - PassLive;Std of GCA - PassDead;Std of GCA - TO;Std of GCA - Sh;Std of GCA - Fld;Std of GCA - Def;Std of Tkl;Std of TklW;Std of Def 3rd_x;Std of Mid 3rd_x;Std of Att 3rd_x;Std of Tkl_challenge;Std of Att_y;Std of Tkl%;Std of Lost_x;Std of Blocks_y;Std of Sh_y;Std of Pass;Std of Int;Std of Tkl + Int;Std of Clr;Std of Err;Std of Touches;Std of Def Pen;Std of Def 3rd_y;Std of Mid 3rd_y;Std of Att 3rd_y;Std of Att Pen;Std of Live_y;Std of Att;Std of Succ;Std of Succ%;Std of Carries;Std of TotDist_y;Std of ProDist;Std of ProgC;Std of 1/3_y;Std of CPA;Std of Mis;Std of Dis;Std of Rec;Std of PrgR_y;Std of Matches;Std of Mn/Game;Std of Min %;Std of 90s;Std of Starts_y;Std of Mn/Start;Std of Compl;Std of Subs;Std of Mn/Sub;Std of unSub;Std of PPM;Std of onG;Std of onGA;Std of onxG;Std of onxGA;Std of Plus/Minus;Std of Plus/Minus/90;Std of Plus/Minus/WoWy;Std of Yellow Cards;Std of Red Cards;Std of Yellow-Red Cards;Std of Fls;Std of Fld;Std of Off_y;Std of Crs_y;Std of Won;Std of Lost_y;Std of Won%;Std of Recov
All;24.0;0.0;0.0;0.0;7.0;14.0;8.0;0.0;0.0;0.0;0.0;0.0;0.04;0.03;0.09;0.04;0.09;0.0;0.0;0.0;0.0;0.0;0.0;0.0;0.0;0.0;0.0;0.0;0.0;0.0;0.0;0.0;0.0;0.0;0.0;4.0;1.0;16.7;0.52;0.1;0.0;0.0;12.1;0.0;0.0;0.0;0.3;0.3;0.05;0.0;0.0;202.0;274.0;75.25;3239.5;885.0;101.0;116.5;86.2;69.5;93.0;79.05;10.5;19.5;46.35;0.0;0.2;0.3;0.0;3.0;11.0;2.0;0.0;14.0;274.0;249.0;11.0;2.0;0.0;0.0;2.0;1.0;0.0;0.0;0.0;0.0;202.0;1.0;4.0;10.0;1.33;7.0;0.0;0.0;0.0;0.0;0.0;1.0;0.04;0.0;0.0;0.0;0.0;0.0;0.0;7.0;4.0;3.0;3.0;1.0;3.0;7.5;35.0;4.0;6.0;1.0;4.0;3.0;11.0;7.0;0.0;372.0;14.0;72.5;116.5;58.5;8.5;371.5;6.0;2.0;35.1;208.5;1020.5;476.0;7.0;5.0;1.0;6.0;3.0;231.0;8.0;13.0;48.0;19.65;7.45;7.0;75.0;2.0;2.0;12.5;3.0;1.11;11.0;12.0;10.05;11.4;0.0;0.0;0.0;1.0;0.0;0.0;6.0;4.0;0.0;2.0;5.0;6.0;36.2;26.0;23.97;1.6;1.48;1.15;19.17;39.33;38.92;0.1;0.07;0.17;0.09;0.16;0.11;0.08;0.19;0.11;0.19;1.04;1.02;1.67;0.12;4.9;3.28;3.51;0.38;0.4;0.22;0.4;0.21;1.0;0.14;0.13;0.01;0.0;1.6;13.92;4.76;19.34;1.05;0.33;0.06;0.16;10.3;0.38;0.13;0.14;1.61;1.5;0.06;-0.01;-0.02;421.01;521.53;59.68;7152.24;2528.26;202.45;226.54;65.94;171.76;198.14;61.97;35.87;69.06;38.11;1.15;1.16;1.03;-0.01;10.56;31.38;9.09;1.89;39.33;521.53;473.37;46.21;12.52;1.78;2.69;17.64;18.06;5.51;2.69;1.61;0.13;421.01;1.94;9.78;24.74;1.83;18.11;2.06;1.44;1.61;1.03;0.49;2.77;0.18;1.95;0.17;0.2;0.22;0.17;0.05;17.99;10.55;8.72;6.72;2.54;8.36;17.05;31.77;8.7;12.47;3.97;8.5;8.46;26.45;20.89;0.44;636.75;70.9;208.88;272.14;161.64;26.71;636.61;19.09;8.7;30.37;364.43;1926.4;990.21;19.17;13.52;6.1;14.47;9.63;416.91;38.92;15.26;42.89;29.43;11.18;11.21;52.67;7.12;4.05;12.87;5.08;1.06;18.36;18.3;17.34;17.28;0.06;-0.21;-0.16;2.22;0.08;0.04;11.27;10.87;1.94;17.64;13.61;13.61;33.53;49.19;4.95;3.31;2.92;2.17;29.54;54.5;64.1;0.2;0.15;0.28;0.2;0.27;0.2;0.19;0.32;0.2;0.32;5.29;5.26;8.78;0.92;25.78;17.41;15.14;4.65;2.28;1.17;2.26;1.26;5.42;0.85;0.8;0.12;0.06;3.31;21.21;8.13;21.77;1.85;0.57;0.1;0.24;8.88;1.5;0.69;0.76;3.12;2.75;0.08;1.13;1.11;537.53;634.38;34.54;9430.55;3829.47;257.94;280.66;38.83;240.2;264.1;37.58;57.77;118.28;28.94;2.17;1.97;1.7;0.92;16.8;46.57;14.65;3.81;54.5;634.38;581.57;78.13;24.02;3.9;5.2;36.61;46.32;19.15;9.75;7.26;0.76;537.53;2.89;12.81;35.3;3.89;25.43;6.39;2.96;2.66;1.98;0.98;4.49;0.33;3.2;0.66;0.62;0.61;0.53;0.24;23.18;13.78;12.35;9.12;3.73;11.48;22.1;28.3;11.66;15.26;7.05;10.64;11.94;33.97;32.89;0.95;736.3;170.95;319.46;356.66;225.76;42.91;736.17;29.91;13.98;28.0;438.13;2301.7;1240.54;29.54;18.83;13.71;19.85;14.73;507.76;64.1;13.25;33.35;30.76;11.69;12.11;38.56;9.75;4.92;12.9;6.5;0.86;21.07;19.69;19.25;18.48;13.81;2.68;2.63;2.78;0.28;0.2;13.63;14.9;4.02;36.61;21.63;19.55;29.28;57.26
Arsenal;23.5;0.0;0.0;0.5;10.0;21.5;9.0;0.0;0.02;0.1;0.0;0.1;0.04;0.04;0.15;0.04;0.15;0.0;0.0;0.0;0.0;0.0;0.0;0.0;0.0;0.0;0.0;0.0;0.0;0.0;0.0;0.0;0.0;0.0;0.0;6.0;1.5;21.3;0.73;0.18;0.0;0.0;12.55;0.0;0.0;0.0;0.5;0.45;0.05;0.0;0.0;295.5;364.0;81.85;4309.0;1449.0;178.0;187.0;89.4;86.0;106.0;85.75;9.5;16.5;49.85;0.5;0.35;0.6;0.0;5.0;15.5;6.0;1.0;21.5;364.0;344.5;17.0;3.0;1.5;1.0;3.5;2.0;0.0;0.0;0.0;0.0;295.5;1.5;2.5;13.0;2.46;10.0;0.0;0.0;1.0;0.0;0.0;2.5;0.12;1.0;0.0;0.0;0.0;0.0;0.0;10.5;6.5;3.5;3.0;1.0;4.0;8.5;35.95;3.5;7.0;1.0;5.0;3.5;13.0;5.0;0.0;539.0;13.5;85.5;127.0;134.5;14.0;539.0;6.0;2.0;34.2;299.0;1229.5;589.0;10.0;8.0;1.0;7.5;3.5;368.5;9.0;17.5;43.5;24.95;9.5;9.5;77.0;3.0;2.0;11.5;2.5;2.33;22.0;6.5;18.25;7.0;14.0;1.55;0.0;1.0;0.0;0.0;7.5;6.0;0.0;3.5;4.0;6.0;42.5;29.5;23.44;2.69;2.38;1.94;25.66;65.81;65.25;0.12;0.11;0.23;0.1;0.21;0.14;0.1;0.23;0.12;0.22;1.19;1.19;0.91;0.05;2.59;1.69;4.14;1.04;0.88;0.16;0.16;0.56;2.6;0.09;0.06;0.03;0.0;2.69;20.22;6.53;18.65;1.27;0.43;0.06;0.19;10.46;0.19;0.31;0.31;2.44;2.2;0.06;0.25;0.18;596.69;704.94;65.43;9672.91;3194.06;303.72;332.59;71.13;244.03;273.91;69.14;36.81;67.56;40.01;1.94;1.75;1.8;0.19;16.03;48.31;17.12;2.12;65.81;704.94;654.41;47.81;13.84;3.25;2.03;20.94;17.5;8.28;6.78;0.03;0.0;596.69;2.72;9.97;37.03;2.11;28.94;2.56;1.81;2.06;1.03;0.62;4.75;0.27;3.25;0.5;0.25;0.34;0.41;0.0;19.06;10.88;8.03;7.69;3.34;8.47;16.97;35.14;8.5;12.88;3.31;9.56;9.12;28.19;16.09;0.56;827.91;61.69;209.81;356.47;267.5;46.25;827.59;20.97;8.84;28.68;509.28;2536.59;1297.19;25.66;17.97;10.22;16.41;11.72;591.16;65.25;17.88;42.94;34.34;13.05;13.06;54.66;8.22;4.81;10.38;5.88;1.93;31.28;9.97;26.17;9.57;21.31;1.41;0.11;2.0;0.06;0.03;12.22;12.31;2.72;20.94;15.72;15.59;36.77;54.75;4.09;4.29;3.64;2.9;39.02;89.26;114.96;0.18;0.14;0.28;0.16;0.25;0.17;0.12;0.26;0.16;0.24;5.72;5.72;4.31;0.19;12.37;8.06;16.29;5.89;4.13;0.72;0.88;2.84;10.46;0.53;0.35;0.18;0.0;4.29;28.15;9.43;17.05;1.56;0.66;0.08;0.24;9.07;0.78;1.12;1.12;3.88;3.31;0.06;1.25;1.26;728.9;830.18;35.65;12002.94;4412.57;356.34;385.79;38.52;331.54;359.96;37.7;48.22;95.93;27.58;2.9;2.78;2.91;1.04;26.03;66.57;27.38;3.53;89.26;830.18;780.9;63.17;20.65;7.09;3.51;39.6;42.89;23.24;19.36;0.18;0.0;728.9;3.8;13.06;54.93;2.0;42.78;5.93;3.42;3.05;1.8;1.24;6.61;0.34;4.9;1.02;0.57;0.65;0.87;0.0;22.76;13.15;9.92;10.14;4.69;10.32;20.59;32.68;11.58;15.28;7.38;11.31;11.76;33.71;26.06;1.11;941.74;146.73;335.63;466.68;354.55;71.3;941.41;33.33;13.72;27.0;583.65;2978.17;1550.09;39.02;23.29;19.99;20.82;17.13;683.1;114.96;14.99;33.0;35.94;13.65;14.2;38.29;11.72;5.61;9.26;7.51;1.06;32.71;10.68;27.39;10.03;22.35;1.04;0.91;2.62;0.25;0.18;14.01;16.29;4.67;39.6;25.2;22.91;30.0;62.65
Aston Villa;24.0;0.0;0.0;0.0;3.0;5.0;1.0;0.0;0.0;0.0;0.0;0.0;0.04;0.0;0.09;0.04;0.09;0.0;0.0;0.0;0.0;0.0;0.0;0.0;0.0;0.0;0.0;0.0;0.0;0.0;0.0;0.0;0.0;0.0;0.0;2.0;1.0;10.0;0.5;0.05;0.0;0.0;12.2;0.0;0.0;0.0;0.1;0.1;0.05;0.0;0.0;100.0;121.0;79.5;1705.0;512.0;49.0;50.0;83.6;44.0;47.0;82.8;6.0;10.0;47.4;0.0;0.0;0.0;0.0;1.0;4.0;0.0;0.0;5.0;121.0;117.0;2.0;0.0;0.0;0.0;0.0;0.0;0.0;0.0;0.0;0.0;100.0;0.0;1.0;2.0;0.84;1.0;0.0;0.0;0.0;0.0;0.0;1.0;0.03;0.0;0.0;0.0;0.0;0.0;0.0;6.0;1.0;3.0;1.0;0.0;1.0;5.0;18.2;1.0;3.0;0.0;3.0;1.0;7.0;4.0;0.0;189.0;9.0;53.0;46.0;12.0;1.0;189.0;4.0;2.0;29.3;102.0;508.0;206.0;3.0;1.0;0.0;2.0;1.0;115.0;1.0;9.0;30.0;11.8;4.5;3.0;68.0;0.0;1.0;5.0;2.0;1.67;4.0;12.0;4.5;10.1;0.0;0.0;0.0;1.0;0.0;0.0;3.0;3.0;0.0;0.0;2.0;1.0;36.8;15.0;23.97;1.85;1.74;1.41;19.87;37.21;36.87;0.12;0.07;0.19;0.12;0.19;0.11;0.06;0.17;0.11;0.17;1.0;0.97;1.56;0.11;4.44;2.95;3.28;2.56;0.51;0.21;0.26;0.21;0.6;0.05;0.03;0.03;0.0;1.85;13.1;4.67;17.26;1.13;0.35;0.07;0.17;9.18;0.38;0.1;0.1;1.67;1.59;0.06;0.17;0.15;413.67;496.49;63.18;7208.41;2443.41;182.31;202.0;63.84;189.26;212.13;61.18;34.1;60.72;35.11;1.41;1.26;1.09;0.15;10.21;29.74;9.31;1.72;37.21;496.49;448.69;46.59;16.1;2.05;2.44;16.69;15.72;5.92;3.82;0.38;0.05;413.67;1.21;8.79;23.38;1.51;17.18;1.97;1.21;1.87;0.79;0.36;3.31;0.18;2.36;0.21;0.21;0.26;0.21;0.08;14.03;7.97;6.9;5.38;1.74;6.67;14.1;25.15;7.44;9.97;2.9;7.08;6.05;20.08;15.31;0.33;591.23;71.97;209.49;247.08;139.97;25.9;591.13;19.41;8.85;26.27;370.51;2015.36;1056.9;19.87;12.56;5.56;12.23;10.67;405.72;36.87;14.59;38.72;28.18;10.71;10.72;47.87;6.92;3.87;10.77;4.77;1.26;21.44;17.15;17.85;16.89;4.28;-0.67;-0.89;2.41;0.05;0.0;10.56;12.13;1.21;16.69;8.56;9.31;34.21;41.51;4.6;3.77;3.62;2.95;27.64;52.81;64.37;0.22;0.14;0.29;0.22;0.29;0.16;0.09;0.21;0.16;0.21;5.48;5.47;7.91;0.51;22.77;15.46;14.31;16.01;3.04;1.28;1.21;1.28;3.76;0.22;0.16;0.16;0.0;3.77;21.81;8.9;18.65;1.92;0.66;0.11;0.25;8.71;1.31;0.64;0.64;3.19;3.09;0.08;1.16;1.13;554.2;645.17;35.83;10054.0;3823.16;235.32;255.71;41.03;278.36;301.96;41.92;54.05;99.36;31.55;2.95;2.32;1.84;1.16;16.58;44.88;15.0;3.89;52.81;645.17;579.16;76.63;30.53;4.31;4.97;34.06;43.72;18.18;11.6;1.43;0.32;554.2;2.0;12.02;34.63;1.82;24.6;6.29;2.33;3.64;1.3;0.58;5.63;0.26;3.94;0.7;0.52;1.16;0.47;0.27;19.25;11.38;9.54;8.92;2.56;9.61;19.6;27.01;10.67;12.16;5.3;8.65;8.56;27.53;23.85;0.87;734.45;191.09;344.8;346.64;201.16;45.11;734.2;28.75;13.87;27.43;466.37;2511.0;1399.45;27.64;16.65;11.12;17.97;16.03;509.1;64.37;14.4;34.31;33.34;12.67;13.04;39.7;10.25;5.35;12.9;6.95;0.94;25.82;19.42;21.52;19.16;8.05;3.71;3.83;3.13;0.22;0.0;13.54;17.59;3.22;34.06;12.19;14.73;33.18;52.64
Bournemouth;24.0;0.0;0.0;0.0;4.0;20.0;4.0;0.0;0.0;0.05;0.0;0.05;0.02;0.06;0.08;0.02;0.08;0.0;0.0;0.0;0.0;0.0;0.0;0.0;0.0;0.0;0.0;0.0;0.0;0.0;0.0;0.0;0.0;0.0;0.0;2.0;1.0;23.3;0.39;0.06;0.0;0.0;12.5;0.0;0.0;0.0;0.2;0.2;0.05;-0.1;-0.1;179.0;216.0;72.0;3185.0;863.0;65.0;68.0;83.5;57.0;66.0;75.9;11.0;23.0;42.3;0.0;0.4;0.3;0.0;4.0;10.0;2.0;0.0;20.0;216.0;194.0;12.0;2.0;0.0;1.0;3.0;1.0;0.0;0.0;0.0;0.0;179.0;0.0;3.0;12.0;1.78;6.0;0.0;0.0;0.0;0.0;0.0;1.0;0.13;1.0;0.0;0.0;0.0;0.0;0.0;6.0;4.0;2.0;3.0;1.0;2.0;7.0;33.3;5.0;4.0;1.0;3.0;3.0;8.0;6.0;0.0;251.0;13.0;70.0;72.0;56.0;9.0;251.0;8.0;2.0;35.8;140.0;862.0;437.0;4.0;4.0;0.0;5.0;2.0;155.0;4.0;13.0;44.0;11.3;4.3;4.0;70.0;1.0;3.0;16.0;4.0;1.22;11.0;12.0;7.7;9.7;-1.0;-0.27;0.0;1.0;0.0;0.0;6.0;3.0;0.0;3.0;6.0;6.0;38.9;31.0;24.27;1.41;1.35;1.05;19.16;35.51;35.03;0.1;0.07;0.18;0.1;0.17;0.15;0.08;0.23;0.15;0.23;1.03;1.03;1.81;0.17;5.24;3.43;4.97;0.45;0.35;0.24;0.43;0.24;1.94;0.19;0.16;0.03;0.0;1.41;14.57;4.73;20.01;1.37;0.47;0.04;0.13;11.45;0.49;0.05;0.08;1.55;1.48;0.06;-0.14;-0.13;321.59;430.27;57.54;5972.38;2249.59;134.49;158.59;67.05;142.43;167.95;63.81;37.65;80.11;36.46;1.05;1.11;0.9;-0.05;11.19;29.03;9.51;2.38;35.51;430.27;380.14;48.62;11.32;1.3;2.46;19.16;20.92;6.35;5.19;0.24;0.11;321.59;1.51;9.76;25.73;2.08;18.92;1.89;1.73;1.54;0.92;0.73;2.24;0.16;1.68;0.08;0.14;0.16;0.08;0.11;18.73;11.08;8.14;7.59;3.0;8.78;18.59;31.11;9.81;13.62;4.14;9.49;9.65;28.38;22.08;0.43;559.46;67.19;184.32;228.89;153.68;27.92;559.38;23.57;10.32;31.17;297.7;1793.76;936.08;19.16;13.86;6.49;17.22;10.43;318.14;35.03;15.89;43.46;29.68;11.28;11.3;54.84;6.68;4.59;14.68;4.62;1.02;16.05;19.86;16.61;17.22;-3.81;-0.43;-0.12;2.14;0.08;0.0;13.7;10.16;1.51;19.16;15.73;18.14;34.44;54.41;4.37;3.51;3.23;1.43;25.04;44.46;54.17;0.19;0.11;0.27;0.19;0.26;0.27;0.1;0.34;0.27;0.34;5.28;5.28;9.09;0.66;27.21;18.14;17.73;2.75;1.67;1.48;2.15;1.19;8.88;1.0;0.83;0.16;0.0;3.51;23.71;8.28;22.84;1.83;0.8;0.07;0.22;9.69;1.43;0.33;0.49;3.41;3.06;0.06;0.9;0.9;381.58;497.59;31.14;7733.21;3387.21;146.18;171.31;36.22;196.65;220.89;35.41;59.48;129.03;24.01;1.43;1.52;1.28;0.76;15.06;41.65;11.78;3.85;44.46;497.59;448.81;74.22;21.06;2.94;3.85;31.3;49.32;18.53;15.8;0.89;0.31;381.58;2.21;10.66;31.38;1.91;23.13;4.38;2.97;2.27;1.48;1.1;2.64;0.22;2.12;0.36;0.42;0.6;0.28;0.31;22.88;13.27;10.79;9.86;4.14;11.15;22.62;27.26;12.17;16.54;7.15;11.6;15.12;36.88;32.63;0.93;619.87;161.84;283.76;291.12;196.14;46.48;619.8;33.78;14.8;25.79;334.96;2014.58;1103.37;25.04;19.06;11.56;26.6;17.98;355.56;54.17;13.84;32.85;32.52;12.36;12.93;37.29;10.06;5.04;12.53;4.93;0.69;17.6;20.66;18.26;18.54;6.59;0.81;1.23;2.8;0.28;0.0;16.11;12.28;3.0;31.3;22.33;27.15;28.22;65.39
Brentford;24.0;0.0;0.0;0.0;10.0;21.0;13.0;0.0;0.0;0.07;0.0;0.07;0.04;0.07;0.14;0.04;0.14;0.0;0.0;0.0;0.0;0.0;0.0;0.0;0.0;0.0;0.0;0.0;0.0;0.0;0.0;0.0;0.0;0.0;0.0;7.0;1.0;14.3;0.59;0.08;0.0;0.0;12.7;0.0;0.0;0.0;0.7;0.7;0.05;0.0;0.0;228.0;298.0;69.4;3416.0;913.0;134.0;140.0;82.7;66.0;102.0;71.4;15.0;29.0;43.7;0.0;0.5;0.6;0.0;4.0;11.0;4.0;1.0;21.0;298.0;296.0;17.0;2.0;0.0;0.0;6.0;2.0;0.0;0.0;0.0;0.0;228.0;1.0;6.0;12.0;1.5;10.0;0.0;0.0;0.0;0.0;0.0;1.0;0.07;0.0;0.0;0.0;0.0;0.0;0.0;10.0;5.0;3.0;3.0;1.0;5.0;7.0;26.3;5.0;7.0;1.0;4.0;3.0;12.0;6.0;0.0;407.0;14.0;78.0;155.0;73.0;10.0;407.0;11.0;3.0;36.2;212.0;1222.0;505.0;10.0;4.0;1.0;9.0;4.0;225.0;13.0;14.0;45.0;20.8;7.9;7.0;77.0;2.0;1.0;8.0;2.0;0.97;10.0;9.0;13.8;10.3;0.0;0.0;0.0;1.0;0.0;0.0;7.0;6.0;1.0;6.0;5.0;10.0;33.3;41.0;23.77;1.38;1.31;0.97;12.95;32.9;32.72;0.09;0.07;0.16;0.09;0.16;0.1;0.09;0.19;0.1;0.19;1.0;0.97;1.67;0.08;4.72;3.05;3.6;0.0;0.26;0.23;0.49;0.18;0.48;0.05;0.05;0.0;0.0;1.38;12.05;4.08;19.37;0.87;0.27;0.07;0.21;9.94;0.44;0.08;0.08;1.54;1.48;0.07;-0.16;-0.17;321.82;431.23;51.48;5794.13;2269.03;144.0;169.95;60.91;134.26;164.92;54.93;35.44;71.18;32.86;0.97;1.11;1.02;-0.13;8.51;24.74;8.54;2.72;32.9;431.23;384.51;44.92;11.9;1.79;2.9;18.1;17.51;4.72;2.03;1.31;0.26;321.82;1.79;9.15;20.62;1.67;14.28;2.62;0.87;1.41;1.08;0.36;2.08;0.15;1.46;0.18;0.08;0.21;0.15;0.0;17.36;10.23;8.95;6.41;2.0;8.13;17.87;29.74;9.74;12.15;3.64;8.51;9.69;27.05;23.15;0.46;544.28;73.79;203.69;211.62;133.59;25.18;544.21;14.79;6.23;31.71;281.28;1451.82;754.13;12.95;9.31;4.0;14.26;6.95;318.36;32.72;15.08;41.41;28.12;10.69;10.72;52.18;6.33;4.36;9.82;4.41;0.76;15.77;18.23;16.38;15.7;-2.46;-0.07;0.12;2.28;0.05;0.0;9.87;10.74;1.79;18.1;16.21;15.56;29.19;48.51;4.29;2.55;2.35;1.4;16.43;40.19;47.26;0.15;0.11;0.23;0.14;0.22;0.14;0.13;0.21;0.13;0.2;5.92;5.92;10.08;0.34;28.18;18.09;15.71;0.0;1.6;1.44;2.88;1.12;3.03;0.32;0.32;0.0;0.0;2.55;16.93;6.41;22.44;1.09;0.39;0.1;0.28;8.81;1.48;0.48;0.48;2.62;2.45;0.09;0.91;0.92;392.3;505.36;33.39;7915.71;4026.77;166.29;192.5;39.29;186.44;212.91;36.19;68.89;141.22;25.01;1.4;1.39;1.36;0.68;11.07;31.41;10.87;4.67;40.19;505.36;447.96;85.0;28.15;3.33;4.99;27.58;27.1;13.54;6.27;3.7;0.97;392.3;2.36;9.75;25.03;1.61;17.21;6.86;1.42;2.02;1.86;0.63;2.81;0.21;2.09;0.56;0.27;0.47;0.43;0.0;20.74;12.5;11.46;8.1;2.65;10.08;23.71;28.76;14.89;14.45;6.45;10.49;14.01;33.78;38.36;0.94;606.17;208.84;338.36;252.35;158.55;32.44;606.11;18.18;6.9;26.66;312.74;1567.21;863.85;16.43;12.21;7.75;17.42;8.66;351.81;47.26;13.54;34.65;29.93;11.37;11.87;40.01;9.23;5.83;10.68;6.69;0.54;16.86;19.52;17.47;16.86;5.18;0.52;0.76;2.78;0.22;0.0;11.26;13.19;3.4;27.58;24.58;17.62;26.14;54.49
Brighton;21.0;0.0;0.0;0.0;13.0;21.0;13.0;0.0;0.0;0.0;0.0;0.0;0.05;0.04;0.13;0.05;0.13;0.0;0.0;0.0;0.0;0.0;0.0;0.0;0.0;0.0;0.0;0.0;0.0;0.0;0.0;0.0;0.0;0.0;0.0;6.0;2.0;20.0;1.04;0.2;0.0;0.0;14.5;0.0;0.0;0.0;0.4;0.4;0.05;0.0;0.0;379.0;454.0;81.3;4847.0;908.0;185.0;186.0;88.2;84.0;99.0;83.3;9.0;22.0;53.8;0.0;0.7;0.5;0.0;6.0;14.0;4.0;0.0;21.0;454.0;400.0;15.0;2.0;1.0;0.0;3.0;1.0;0.0;0.0;0.0;0.0;379.0;2.0;5.0;17.0;1.51;13.0;0.0;0.0;1.0;0.0;0.0;1.0;0.07;0.0;0.0;0.0;0.0;0.0;0.0;13.0;5.0;4.0;5.0;2.0;5.0;13.0;35.7;6.0;7.0;1.0;4.0;3.0;16.0;8.0;0.0;545.0;17.0;80.0;204.0;135.0;14.0;545.0;9.0;4.0;34.8;331.0;1299.0;562.0;13.0;8.0;1.0;9.0;4.0;381.0;13.0;17.0;51.0;24.9;9.4;10.0;71.0;1.0;3.0;16.0;2.0;1.21;13.0;13.0;11.3;12.9;-1.0;-0.09;0.0;2.0;0.0;0.0;8.0;5.0;0.0;3.0;4.0;7.0;37.5;32.0;23.23;1.28;1.15;0.92;22.15;45.64;45.31;0.08;0.07;0.15;0.08;0.14;0.1;0.08;0.18;0.1;0.18;0.97;0.97;1.59;0.09;4.23;2.69;3.35;0.0;0.31;0.31;0.36;0.15;0.79;0.15;0.15;0.0;0.0;1.28;14.23;5.08;21.12;1.13;0.37;0.04;0.1;12.16;0.28;0.13;0.15;1.49;1.36;0.06;-0.21;-0.21;559.23;641.77;64.21;8745.13;2915.03;296.77;319.82;69.85;211.82;233.97;65.69;33.23;55.49;42.52;0.92;1.08;1.12;-0.16;11.0;38.05;9.85;2.08;45.64;641.77;598.31;41.31;13.1;1.59;1.95;17.21;13.87;5.28;2.21;1.87;0.13;559.23;2.15;8.38;25.9;1.86;19.21;2.23;1.38;1.82;0.97;0.28;2.28;0.14;1.51;0.13;0.23;0.23;0.15;0.03;16.51;9.38;7.49;6.46;2.56;7.87;16.87;33.27;9.0;11.21;3.59;7.62;7.38;23.9;15.46;0.54;746.46;81.97;242.28;335.64;173.49;27.72;746.31;18.33;7.62;31.61;487.69;2383.59;1253.44;22.15;14.97;6.9;14.85;8.77;553.26;45.31;15.23;44.95;28.17;10.71;10.72;56.33;6.13;4.51;15.56;4.26;0.94;15.49;17.44;16.02;15.58;-1.95;-0.25;-0.04;2.31;0.08;0.0;10.62;11.64;2.15;17.21;10.41;8.85;35.06;44.9;5.49;2.2;1.87;1.83;30.06;63.86;68.81;0.14;0.11;0.19;0.13;0.18;0.14;0.09;0.2;0.13;0.19;4.27;4.27;6.96;0.38;18.54;11.98;14.68;0.0;1.36;1.42;1.58;0.71;3.54;0.67;0.67;0.0;0.0;2.2;17.63;6.74;21.36;1.23;0.48;0.07;0.15;9.09;0.92;0.66;0.81;2.41;1.95;0.05;0.9;0.91;744.87;825.22;36.05;12312.79;4633.76;371.9;390.05;39.05;318.28;340.1;37.21;54.31;90.88;30.07;1.83;1.58;1.76;0.77;18.02;61.11;15.33;4.96;63.86;825.22;769.48;63.38;26.93;2.17;3.8;40.62;23.94;21.42;9.12;9.19;0.57;744.87;2.61;9.46;35.74;1.59;24.11;8.68;2.9;2.95;1.94;0.51;3.57;0.18;2.16;0.47;0.84;0.54;0.49;0.16;18.01;11.17;8.92;6.97;3.51;9.61;18.51;27.0;9.89;13.74;7.48;8.91;8.88;25.7;21.6;1.02;900.32;179.23;387.31;452.72;221.46;43.16;900.17;28.85;11.91;28.19;605.13;2901.46;1615.14;30.06;18.06;15.38;18.26;13.02;697.85;68.81;11.83;31.35;25.95;9.86;9.91;35.17;8.73;4.6;14.06;4.84;0.6;14.88;15.38;14.91;14.33;3.96;0.57;0.78;2.31;0.27;0.0;10.63;14.25;3.67;40.62;15.79;9.22;29.0;47.89
Burnley;24.0;0.0;0.0;0.0;9.0;19.0;17.0;0.0;0.0;0.08;0.0;0.08;0.05;0.05;0.12;0.05;0.12;0.0;0.0;0.0;0.0;0.0;0.0;0.0;0.0;0.0;0.0;0.0;0.0;0.0;0.0;0.0;0.0;0.0;0.0;7.0;2.0;26.3;0.7;0.21;0.0;0.0;16.4;0.0;0.0;0.0;0.4;0.4;0.06;-0.1;-0.1;352.0;485.0;75.8;5411.0;1406.0;162.0;182.0;84.8;134.0;161.0;78.4;16.0;31.0;50.7;0.0;0.3;0.4;0.0;4.0;16.0;3.0;0.0;19.0;485.0;406.0;29.0;3.0;1.0;2.0;5.0;2.0;0.0;0.0;0.0;0.0;352.0;2.0;9.0;10.0;1.71;7.0;0.0;0.0;0.0;1.0;0.0;1.0;0.1;1.0;0.0;0.0;0.0;0.0;0.0;12.0;5.0;5.0;5.0;2.0;6.0;16.0;44.4;9.0;11.0;2.0;7.0;4.0;16.0;16.0;0.0;635.0;26.0;108.0;204.0;101.0;9.0;635.0;9.0;4.0;42.3;309.0;1862.0;1018.0;9.0;9.0;1.0;9.0;5.0;358.0;17.0;15.0;59.0;28.5;10.8;12.0;80.0;4.0;3.0;18.0;4.0;0.62;11.0;23.0;10.8;20.3;-10.0;-0.99;-0.05;1.0;0.0;0.0;9.0;6.0;1.0;5.0;12.0;17.0;37.8;40.0;24.3;1.21;1.12;0.91;22.03;35.79;35.21;0.07;0.05;0.12;0.07;0.12;0.1;0.06;0.16;0.1;0.16;1.15;1.15;2.36;0.12;7.39;5.09;4.44;1.52;0.15;0.27;0.73;0.06;0.22;0.21;0.18;0.03;0.0;1.21;13.03;4.15;22.22;1.22;0.32;0.05;0.16;13.41;0.39;0.09;0.09;1.25;1.17;0.06;-0.03;-0.05;422.33;544.21;70.48;7455.97;2532.0;191.24;220.21;80.89;182.33;213.39;74.85;40.12;83.48;46.92;0.91;0.9;0.82;0.01;9.88;29.58;6.55;1.64;35.79;544.21;490.58;51.33;13.48;1.48;2.33;16.67;20.3;5.45;2.03;1.76;0.27;422.33;2.3;10.42;22.94;1.87;16.64;2.24;1.48;1.36;0.94;0.27;2.24;0.27;1.67;0.18;0.24;0.06;0.09;0.0;18.39;10.36;8.55;7.48;2.36;8.61;17.7;40.05;9.09;14.45;5.12;9.33;8.48;26.88;25.36;0.67;672.15;88.09;243.06;278.67;156.21;24.82;672.06;21.18;9.09;40.48;371.03;2027.7;1073.36;22.03;13.94;7.27;15.67;8.97;417.55;35.21;17.58;52.67;33.18;12.6;12.67;64.33;7.73;4.91;17.52;5.45;0.58;13.58;25.79;13.51;23.22;-12.21;-0.43;0.49;2.33;0.21;0.09;13.0;10.7;2.3;16.67;17.0;21.09;34.62;52.33;4.11;1.78;1.63;1.16;25.93;40.9;41.76;0.12;0.06;0.15;0.1;0.14;0.13;0.06;0.16;0.12;0.15;5.12;5.12;11.06;0.47;31.54;21.08;17.85;8.7;0.62;1.1;3.53;0.35;1.24;0.93;0.88;0.17;0.0;1.78;14.52;5.5;19.76;1.67;0.39;0.06;0.23;8.54;1.92;0.29;0.29;1.67;1.52;0.06;0.85;0.86;408.71;511.25;20.14;7706.84;3490.63;176.71;199.59;22.3;196.45;218.92;24.28;54.91;140.67;24.15;1.16;1.0;0.91;0.68;11.08;37.06;6.86;2.8;40.9;511.25;466.79;71.23;24.7;2.06;2.8;22.38;47.75;13.41;5.5;4.18;0.98;408.71;2.53;9.13;23.58;1.39;18.19;4.75;2.69;2.07;1.25;0.63;2.55;0.74;2.09;0.53;0.71;0.24;0.29;0.0;20.08;11.81;9.97;8.93;3.0;10.59;19.03;26.91;9.12;13.78;7.13;9.22;10.2;28.74;32.37;1.11;592.65;190.01;328.97;287.12;154.3;29.03;592.66;28.14;12.0;25.73;320.53;1728.83;962.13;25.93;15.33;12.41;18.3;10.14;361.74;41.76;10.95;30.03;26.84;10.2;10.68;32.36;9.2;4.69;12.86;5.75;0.29;11.37;20.77;10.9;18.98;10.52;2.55;2.62;2.87;0.42;0.29;12.36;11.61;3.59;22.38;25.1;23.13;25.16;49.14
Chelsea;20.0;0.0;0.0;0.0;0.5;2.0;2.0;0.0;0.0;0.0;0.0;0.0;0.0;0.0;0.02;0.0;0.02;0.0;0.0;0.0;0.0;0.0;0.0;0.0;0.0;0.0;0.0;0.0;0.0;0.0;0.0;0.0;0.0;0.0;0.0;0.0;0.0;0.0;0.0;0.0;0.0;0.0;0.0;0.0;0.0;0.0;0.0;0.0;0.0;0.0;0.0;90.0;114.0;76.35;1124.0;210.5;60.0;68.5;85.05;21.5;26.5;77.8;3.5;4.5;41.3;0.0;0.0;0.0;0.0;0.0;3.5;0.0;0.0;2.0;114.0;104.0;1.0;0.0;0.0;0.0;0.0;0.0;0.0;0.0;0.0;0.0;90.0;0.0;0.5;2.5;0.46;1.5;0.0;0.0;0.0;0.0;0.0;0.0;0.0;0.0;0.0;0.0;0.0;0.0;0.0;2.0;0.0;0.0;0.5;0.0;0.0;1.5;0.0;1.0;1.0;0.0;0.0;0.0;2.0;3.5;0.0;167.0;5.0;19.0;37.5;10.0;1.0;167.0;1.0;0.0;0.0;89.0;409.0;180.5;0.5;0.0;0.0;1.5;1.0;106.5;2.0;10.5;22.0;6.1;2.3;1.5;58.5;0.0;1.5;6.5;2.0;1.51;2.5;5.0;4.95;4.9;0.0;0.0;0.0;0.0;0.0;0.0;2.0;1.0;0.0;0.0;1.5;1.5;21.1;10.0;21.0;1.58;1.35;1.06;18.19;33.65;33.33;0.09;0.06;0.16;0.09;0.15;0.16;0.06;0.22;0.15;0.21;0.81;0.79;1.31;0.07;3.88;2.6;2.84;0.69;0.38;0.19;0.23;0.17;0.86;0.1;0.06;0.02;0.02;1.58;11.19;4.04;16.0;0.86;0.23;0.06;0.15;7.57;0.46;0.23;0.25;1.58;1.39;0.06;-0.0;-0.03;417.48;486.75;51.55;6842.67;2288.6;208.46;226.6;53.11;170.33;188.75;52.39;28.44;48.5;32.51;1.06;1.08;0.9;-0.02;8.73;28.15;7.33;1.06;33.65;486.75;449.73;35.25;10.33;2.42;2.1;11.62;12.73;4.21;1.62;1.15;0.08;417.48;1.77;7.25;20.42;1.59;15.0;1.29;1.58;0.96;1.04;0.54;2.77;0.17;1.85;0.15;0.23;0.21;0.25;0.08;13.81;7.83;6.77;4.9;2.15;6.73;13.12;24.51;6.4;9.33;3.46;5.88;6.21;20.02;16.35;0.5;577.6;63.23;195.15;251.42;136.62;21.65;577.35;18.1;8.29;23.11;346.33;1762.81;918.38;18.19;11.31;6.06;12.58;7.71;414.56;33.33;11.79;33.4;22.86;8.69;8.71;41.27;5.56;3.08;10.46;4.02;1.21;17.65;14.4;17.04;13.25;3.25;-0.03;-0.24;2.25;0.08;0.04;9.29;9.4;1.77;11.62;9.17;8.38;27.59;38.46;4.05;3.96;3.06;2.2;32.08;55.86;60.56;0.18;0.11;0.26;0.16;0.23;0.48;0.1;0.5;0.48;0.49;4.0;3.89;6.5;0.33;19.03;12.81;13.76;4.81;2.0;0.91;1.15;0.83;4.21;0.52;0.32;0.14;0.14;3.96;21.27;8.5;22.19;1.36;0.39;0.1;0.24;8.7;1.79;1.31;1.33;3.87;3.28;0.09;1.22;1.07;619.61;696.89;41.01;10359.38;3641.12;305.56;326.82;45.53;275.91;295.52;43.59;47.17;77.79;32.39;2.2;2.09;1.66;0.62;15.63;48.43;13.87;2.41;55.86;696.89;656.69;52.35;17.21;5.44;5.18;22.46;30.14;12.92;5.36;3.32;0.4;619.61;3.4;11.41;35.39;2.53;25.51;3.24;4.07;2.03;2.02;1.4;5.22;0.31;3.7;0.74;0.72;0.5;0.7;0.35;22.36;12.52;11.13;8.61;3.64;10.99;20.66;28.07;10.64;14.43;6.34;9.56;10.54;32.44;29.93;1.07;805.27;148.49;322.7;400.22;220.95;39.44;804.91;33.01;15.12;28.66;490.53;2421.83;1266.28;32.08;18.63;13.84;20.58;14.21;593.34;60.56;12.67;34.72;29.63;11.27;11.57;40.69;8.74;3.79;12.1;4.64;0.96;23.09;18.26;22.02;16.67;6.58;1.6;1.71;3.25;0.35;0.2;15.96;15.49;4.45;22.46;15.43;12.69;30.6;57.58
Crystal Palace;23.0;0.0;0.0;0.0;7.0;10.0;5.0;0.0;0.0;0.0;0.0;0.0;0.02;0.01;0.04;0.02;0.04;0.0;0.0;0.0;0.0;0.0;0.0;0.0;0.0;0.0;0.0;0.0;0.0;0.0;0.0;0.0;0.0;0.0;0.0;5.0;0.0;0.0;0.34;0.0;0.0;0.0;10.0;0.0;0.0;0.0;0.3;0.3;0.04;0.0;0.0;247.0;334.0;74.0;3106.0;704.0;75.0;78.0;85.7;61.0;80.0;76.3;7.0;14.0;38.5;0.0;0.2;0.1;0.0;2.0;11.0;2.0;0.0;10.0;334.0;329.0;7.0;2.0;0.0;0.0;3.0;0.0;0.0;0.0;0.0;0.0;247.0;0.0;5.0;8.0;0.69;4.0;0.0;0.0;0.0;0.0;0.0;1.0;0.07;1.0;0.0;0.0;0.0;0.0;0.0;10.0;6.0;3.0;6.0;1.0;4.0;7.0;48.4;4.0;3.0;0.0;3.0;2.0;11.0;5.0;0.0;536.0;10.0;59.0;79.0;51.0;7.0;536.0;7.0;3.0;38.0;276.0;1153.0;579.0;7.0;6.0;0.0;4.0;3.0;233.0;5.0;16.0;47.0;26.9;10.2;11.0;78.0;2.0;1.0;4.0;3.0;1.19;12.0;14.0;11.1;13.1;0.0;0.0;0.0;1.0;0.0;0.0;6.0;2.0;0.0;3.0;3.0;5.0;37.5;17.0;23.89;1.51;1.41;1.16;13.68;31.78;31.38;0.07;0.07;0.14;0.07;0.13;0.08;0.06;0.14;0.07;0.13;1.05;1.03;1.57;0.69;4.16;2.65;3.49;0.0;0.35;0.27;0.41;0.27;1.41;0.08;0.08;0.0;0.0;1.51;12.22;4.38;14.61;0.81;0.26;0.04;0.09;9.54;0.54;0.11;0.11;1.33;1.24;0.05;0.19;0.16;349.05;452.81;51.86;6095.73;2295.19;163.24;187.03;58.97;144.27;169.92;56.46;32.54;70.49;34.21;1.16;1.05;0.86;0.12;9.54;26.89;7.38;1.62;31.78;452.81;404.0;46.86;13.08;1.41;2.62;15.76;19.49;4.81;2.19;1.54;0.16;349.05;1.95;9.89;21.46;1.29;14.97;2.0;1.3;1.35;1.22;0.62;2.78;0.18;2.3;0.11;0.16;0.05;0.16;0.0;21.3;12.54;10.08;8.14;3.08;9.11;16.46;36.04;7.35;12.32;3.3;9.03;8.73;30.03;25.05;0.16;577.49;63.49;195.59;250.78;137.22;21.54;577.38;19.92;9.22;29.88;295.76;1501.24;725.35;13.68;10.35;4.59;16.38;11.51;346.24;31.38;14.7;42.22;29.72;11.29;11.3;47.86;7.89;3.41;9.32;5.78;0.89;16.95;17.19;14.44;15.45;-0.24;-1.17;-1.19;1.97;0.05;0.05;12.35;11.54;1.95;15.76;14.95;15.0;38.01;51.59;4.83;3.62;3.26;1.89;19.75;38.9;52.16;0.18;0.11;0.26;0.16;0.24;0.13;0.1;0.21;0.12;0.2;4.36;4.36;6.54;3.7;17.67;11.39;14.79;0.0;1.53;1.17;1.76;1.17;6.05;0.36;0.36;0.0;0.0;3.62;19.7;8.23;18.76;1.18;0.42;0.07;0.16;9.11;2.1;0.39;0.39;2.58;2.33;0.05;1.25;1.17;423.68;538.65;37.08;8082.57;3296.78;186.05;213.01;41.7;204.96;233.13;40.3;55.97;119.3;29.59;1.89;1.58;1.35;0.75;13.23;38.05;11.22;3.0;38.9;538.65;486.88;76.17;22.98;2.43;6.1;28.9;63.19;13.89;6.47;4.49;0.6;423.68;3.11;14.26;28.39;1.53;18.27;5.23;2.85;2.23;2.76;0.92;3.85;0.25;3.05;0.31;0.44;0.23;0.5;0.0;25.57;15.07;15.08;9.02;4.23;11.1;18.33;30.58;8.14;15.63;5.33;12.38;11.34;35.62;44.25;0.44;661.38;128.21;295.14;305.2;187.43;33.0;661.32;34.03;15.33;27.86;339.2;1794.35;916.87;19.75;15.37;9.48;24.91;20.01;399.77;52.16;13.11;37.22;30.72;11.68;12.18;42.53;9.96;4.73;12.44;7.19;0.71;17.96;17.76;14.66;15.9;6.8;4.68;4.73;2.54;0.23;0.23;15.05;18.94;4.65;28.9;22.25;20.01;30.97;61.71
Everton;24.5;0.0;0.0;0.0;6.0;14.0;18.0;0.0;0.0;0.02;0.0;0.02;0.06;0.06;0.14;0.06;0.14;0.0;0.0;0.0;0.0;0.0;0.0;0.0;0.0;0.0;0.0;0.0;0.0;0.0;0.0;0.0;0.0;0.0;0.0;6.5;2.5;20.35;1.08;0.21;0.0;0.0;12.35;0.0;0.0;0.0;0.65;0.65;0.06;0.0;0.0;189.0;256.0;67.65;3149.0;809.0;88.5;115.0;83.5;62.5;97.0;70.45;11.5;28.5;45.35;0.0;0.65;0.4;-0.4;4.0;14.0;4.0;0.0;14.0;256.0;224.5;6.0;0.0;0.0;1.0;4.0;1.0;0.0;0.0;0.0;0.0;189.0;1.0;6.5;17.5;1.58;9.0;0.0;0.0;1.5;0.0;0.0;1.0;0.04;0.0;0.0;0.0;0.0;0.0;0.0;8.0;5.0;2.0;3.0;1.0;2.5;10.5;34.0;5.5;7.5;1.0;5.0;3.0;11.0;15.0;0.0;362.5;25.5;68.0;141.0;84.0;11.0;362.0;12.5;5.0;38.4;172.5;944.5;385.5;6.0;6.0;1.0;10.0;6.0;204.0;18.0;14.5;52.5;18.4;7.0;6.0;79.0;2.5;1.0;4.0;2.5;1.08;5.5;11.5;9.9;10.4;-2.0;-0.16;0.0;1.5;0.0;0.0;7.5;5.0;1.0;4.0;5.0;8.5;37.5;34.5;25.25;1.25;1.19;0.53;15.47;35.28;34.97;0.08;0.02;0.1;0.07;0.1;0.15;0.08;0.23;0.14;0.22;1.19;1.19;1.59;0.04;5.16;3.66;2.31;0.0;0.41;0.28;0.5;0.41;1.07;0.25;0.25;0.0;0.0;1.25;15.75;4.75;21.45;1.17;0.45;0.05;0.15;10.83;0.44;0.06;0.09;1.76;1.68;0.07;-0.51;-0.5;354.66;484.81;54.42;6516.78;2761.69;162.44;190.34;60.32;137.06;168.91;57.71;45.91;95.53;40.84;0.53;1.24;0.99;-0.71;10.59;29.94;8.88;2.41;35.28;484.81;428.25;53.78;12.78;1.41;2.44;23.5;24.0;5.66;4.38;0.81;0.09;354.66;2.78;10.84;26.69;1.7;18.5;2.56;0.97;2.38;1.28;1.0;1.88;0.09;1.03;0.16;0.0;0.41;0.16;0.12;23.22;13.81;11.59;8.16;3.47;10.84;21.91;32.22;11.06;14.97;5.53;9.44;11.19;34.41;27.56;0.38;626.66;80.25;212.25;255.62;165.09;25.28;626.56;17.62;7.81;33.53;305.31;1630.0;809.5;15.47;12.16;3.97;17.5;10.0;351.69;34.97;16.84;46.0;34.32;13.04;13.06;58.56;9.34;3.78;12.12;6.81;0.85;13.75;17.47;18.56;18.91;-3.72;-0.38;-0.07;2.56;0.03;0.03;14.28;11.28;2.78;23.5;21.12;18.03;32.88;61.56;5.54;1.92;1.75;1.27;20.7;41.53;44.82;0.11;0.05;0.12;0.1;0.12;0.24;0.09;0.28;0.24;0.27;6.72;6.72;9.02;0.24;29.17;20.68;13.06;0.0;2.3;1.59;2.83;2.3;6.05;1.41;1.41;0.0;0.0;1.92;19.2;6.53;21.51;1.27;0.67;0.07;0.2;8.65;1.08;0.35;0.39;2.86;2.64;0.07;1.49;1.5;401.6;538.76;33.03;8467.18;5061.84;179.31;205.81;39.1;168.14;196.25;35.62;88.97;192.39;29.9;1.27;1.84;1.63;0.86;15.44;37.22;12.18;4.59;41.53;538.76;475.07;103.76;40.47;2.76;4.65;47.67;54.5;17.68;14.0;2.76;0.39;401.6;3.59;14.38;32.05;1.65;21.55;7.13;1.58;2.46;1.9;1.48;2.61;0.1;1.49;0.72;0.0;0.76;0.37;0.42;27.68;16.23;15.26;10.38;4.62;13.76;24.98;28.23;12.52;19.17;11.5;10.41;16.03;42.73;45.01;0.75;668.82;203.87;350.09;289.49;195.38;32.53;668.82;20.06;8.89;27.56;323.67;1807.68;987.66;20.7;14.95;5.92;21.81;14.33;366.8;44.82;14.32;34.76;35.88;13.63;14.23;37.7;12.2;5.28;13.76;9.24;0.7;15.07;17.72;19.11;19.23;4.54;0.58;0.79;3.11;0.18;0.18;15.77;14.09;5.64;47.67;36.76;28.62;28.79;69.46
Fulham;26.0;0.5;0.5;0.0;9.0;21.5;6.0;0.02;0.0;0.09;0.02;0.09;0.05;0.02;0.12;0.05;0.12;0.0;0.0;0.0;0.0;0.0;0.0;0.0;0.0;0.0;0.0;0.0;0.0;0.0;0.0;0.0;0.0;0.0;0.5;5.0;1.0;24.6;0.46;0.14;0.02;0.06;11.1;0.0;0.0;0.0;0.5;0.5;0.06;0.0;0.0;313.0;434.5;73.95;4268.5;1074.0;183.0;215.0;83.65;83.0;123.5;78.45;17.0;31.0;55.1;0.0;0.25;0.25;0.0;1.5;23.0;2.0;0.0;21.5;434.5;404.0;17.0;2.0;0.0;1.0;1.5;0.0;0.0;0.0;0.0;0.0;313.0;1.0;7.0;10.0;1.06;8.5;0.0;0.0;0.0;0.0;0.0;1.0;0.06;0.0;0.0;0.0;0.0;0.0;0.0;12.5;6.0;2.5;5.0;1.0;3.0;11.0;25.9;5.0;9.5;0.0;5.5;4.0;17.5;10.5;0.0;596.0;19.5;78.0;235.0;41.0;9.5;596.0;7.5;4.0;42.9;310.0;1403.5;620.0;9.0;7.0;1.0;8.0;4.5;370.0;6.0;18.0;46.5;35.75;13.6;13.5;75.0;4.5;2.5;13.0;3.0;1.19;14.0;22.0;16.7;23.7;0.0;0.0;0.0;2.0;0.0;0.0;8.5;4.5;0.0;1.5;7.5;7.0;40.2;43.0;25.47;1.59;1.53;1.18;19.71;43.15;42.71;0.11;0.1;0.21;0.11;0.21;0.12;0.07;0.19;0.12;0.19;1.12;1.12;1.79;0.05;5.59;3.91;2.12;0.0;0.38;0.24;0.5;0.29;0.77;0.24;0.24;0.0;0.0;1.59;14.68;5.15;26.56;1.05;0.44;0.09;0.22;9.8;0.41;0.06;0.06;1.54;1.49;0.09;0.05;0.04;479.74;595.21;56.69;8536.41;2957.0;206.71;232.56;61.59;214.03;245.5;59.85;46.65;83.91;45.41;1.18;1.12;0.99;0.06;11.15;32.85;10.44;2.76;43.15;595.21;541.59;52.12;13.65;1.71;3.47;21.65;20.47;6.24;2.06;2.88;0.03;479.74;1.5;12.38;25.79;1.55;19.18;2.32;1.18;1.97;0.71;0.44;2.79;0.25;2.15;0.18;0.12;0.24;0.09;0.03;19.97;11.29;9.97;7.65;2.35;10.18;19.94;27.41;9.76;12.85;3.44;9.41;10.91;30.88;21.88;0.41;715.24;82.12;253.5;304.68;163.76;24.97;715.18;16.18;7.97;36.29;408.32;2137.5;1081.68;19.71;14.94;4.44;15.29;9.56;475.97;42.71;17.29;42.85;32.26;12.26;12.29;49.65;7.18;5.0;14.0;5.03;0.97;17.82;19.62;16.42;20.16;-1.79;-0.19;-0.06;2.44;0.12;0.09;11.29;10.71;1.5;21.65;14.32;14.97;34.17;54.03;4.81;2.34;2.3;1.96;29.57;50.74;59.9;0.17;0.22;0.3;0.17;0.3;0.15;0.1;0.21;0.15;0.21;6.52;6.52;10.46;0.28;32.58;22.81;12.37;0.0;2.23;1.37;2.92;1.71;4.51;1.37;1.37;0.0;0.0;2.34;19.86;6.91;26.7;1.33;0.63;0.18;0.31;8.55;1.33;0.34;0.34;2.17;2.11;0.17;0.65;0.68;517.52;637.76;35.39;9735.21;4081.44;220.57;247.03;39.21;253.89;281.0;37.99;60.95;122.23;32.91;1.96;1.72;1.5;1.04;18.3;36.24;16.51;5.25;50.74;637.76;569.63;90.63;21.17;2.99;5.21;45.03;65.81;25.98;8.58;12.83;0.17;517.52;1.91;16.75;35.97;1.69;26.27;8.51;1.71;2.89;1.61;0.75;4.18;0.51;3.49;0.76;0.33;0.61;0.29;0.17;30.7;16.43;17.53;11.56;3.26;19.55;31.8;26.55;13.62;15.62;5.03;12.62;16.98;45.93;31.52;0.92;742.8;222.89;385.43;330.41;218.93;30.95;742.75;21.31;10.56;30.92;418.35;2291.23;1224.22;29.57;22.07;7.39;18.04;11.81;475.29;59.9;14.35;33.2;31.62;12.02;12.57;40.12;10.04;5.94;15.1;7.0;0.68;17.44;18.36;16.15;19.04;3.9;1.07;1.17;2.82;0.33;0.29;12.26;13.83;2.6;45.03;18.63;21.71;27.3;61.66
Liverpool;22.0;0.0;0.0;0.0;9.0;30.0;2.5;0.0;0.0;0.0;0.0;0.0;0.04;0.01;0.07;0.04;0.07;0.0;0.0;0.0;0.0;0.0;0.0;0.0;0.0;0.0;0.0;0.0;0.0;0.0;0.0;0.0;0.0;0.0;0.0;4.0;0.0;0.0;0.48;0.0;0.0;0.0;11.1;0.0;0.0;0.0;0.3;0.3;0.04;0.0;0.0;371.0;496.5;78.35;5825.0;1717.0;190.5;221.5;89.55;129.0;165.0;82.05;19.0;27.0;50.5;0.0;0.1;0.15;0.0;2.5;17.0;1.5;0.0;30.0;496.5;423.0;12.0;3.5;0.0;1.0;0.0;0.5;0.0;0.0;0.0;0.0;371.0;1.0;3.5;12.0;1.0;11.5;0.0;0.0;0.0;0.0;0.0;0.5;0.03;0.5;0.0;0.0;0.0;0.0;0.0;14.5;8.5;2.5;5.0;1.0;6.5;13.0;29.8;4.0;9.0;0.0;5.0;2.5;20.0;5.5;0.0;627.5;9.0;65.0;229.5;41.5;8.5;627.5;4.5;1.0;13.35;370.0;2124.0;1162.0;9.0;11.5;0.0;3.5;4.0;407.5;2.5;12.0;49.0;24.55;9.35;10.0;72.0;3.0;2.0;14.5;2.5;2.14;23.0;9.5;22.2;10.8;11.0;1.08;0.0;1.0;0.0;0.0;7.0;4.0;0.0;0.0;6.0;5.5;35.95;45.5;23.05;2.11;1.95;1.58;24.32;55.53;55.03;0.1;0.09;0.19;0.1;0.18;0.12;0.08;0.2;0.11;0.19;1.0;1.0;1.08;0.06;3.87;2.84;3.8;0.0;0.63;0.26;0.11;0.26;1.28;0.03;0.03;0.0;0.0;2.11;20.55;6.92;15.73;1.05;0.34;0.05;0.13;9.54;0.47;0.16;0.24;2.38;2.18;0.05;-0.27;-0.23;536.21;641.55;64.6;9119.74;3123.74;254.11;280.03;68.65;227.03;256.92;65.51;43.08;74.05;38.3;1.58;1.7;1.46;-0.12;15.74;43.84;13.32;2.11;55.53;641.55;591.84;47.08;11.58;2.68;3.82;21.5;19.87;7.55;2.26;4.5;0.05;536.21;2.63;9.76;36.53;1.89;27.5;3.05;1.74;2.66;1.13;0.45;3.45;0.18;2.53;0.21;0.24;0.26;0.18;0.03;17.82;11.0;7.21;7.63;2.97;8.97;20.21;27.48;11.24;12.5;2.84;9.66;7.68;25.5;15.34;0.5;756.95;57.71;194.47;362.0;207.08;37.42;756.71;19.39;8.71;22.88;470.89;2432.21;1269.58;24.32;18.26;7.76;15.11;10.71;532.37;55.03;15.37;40.5;28.81;10.94;11.0;48.29;6.53;4.37;12.26;4.63;1.76;24.79;11.76;25.35;13.09;13.03;1.6;0.61;1.82;0.13;0.05;12.18;9.89;2.63;21.5;15.34;11.61;34.05;53.53;5.34;3.95;3.44;2.53;31.91;67.01;84.94;0.19;0.13;0.29;0.18;0.28;0.19;0.12;0.29;0.17;0.27;4.78;4.78;5.14;0.25;18.57;13.63;16.35;0.0;2.87;1.33;0.65;1.33;5.59;0.16;0.16;0.0;0.0;3.95;31.04;12.13;19.17;1.35;0.54;0.08;0.18;9.36;1.43;0.82;1.15;4.7;4.07;0.06;1.51;1.41;628.68;730.33;34.57;11252.38;4373.4;285.29;310.34;39.4;293.28;318.47;38.05;61.7;109.74;30.56;2.53;2.7;2.12;1.34;21.87;59.3;18.39;4.06;67.01;730.33;671.73;79.6;19.91;5.01;6.81;44.26;44.25;21.22;6.92;12.88;0.32;628.68;3.65;11.84;46.57;2.03;34.26;8.15;3.25;4.81;1.95;0.83;5.1;0.26;3.63;0.62;0.75;0.69;0.46;0.16;21.15;12.83;9.38;10.14;3.93;12.18;27.56;27.34;16.42;14.97;6.14;12.41;10.49;30.57;26.96;1.16;831.12;138.92;305.74;458.26;266.04;61.57;830.93;29.13;13.61;24.27;506.0;2577.62;1356.42;31.91;21.61;16.39;20.58;16.99;582.66;84.94;14.22;33.13;29.15;11.07;11.33;39.99;8.53;5.7;10.49;6.2;1.06;24.5;12.22;25.73;13.37;12.75;5.81;5.79;2.61;0.34;0.23;15.62;12.78;6.66;44.26;26.65;14.75;32.65;59.0
Luton Town;25.0;0.0;0.0;0.0;6.5;18.0;6.0;0.0;0.0;0.0;0.0;0.0;0.02;0.02;0.06;0.02;0.06;0.0;0.0;0.0;0.0;0.0;0.0;0.0;0.0;0.0;0.0;0.0;0.0;0.0;0.0;0.0;0.0;0.0;0.0;5.0;1.0;18.35;0.4;0.09;0.0;0.0;13.2;0.0;0.0;0.0;0.25;0.25;0.05;0.0;0.0;142.0;232.5;70.3;2079.5;857.5;86.0;106.0;82.7;49.0;73.0;75.5;9.0;29.0;40.35;0.0;0.3;0.3;0.0;3.0;9.5;3.0;0.0;18.0;232.5;220.0;17.0;1.0;0.0;0.0;4.5;2.0;0.0;0.0;0.0;0.0;142.0;1.0;6.0;9.0;1.07;8.0;0.0;0.0;0.0;0.0;0.0;0.0;0.0;0.0;0.0;0.0;0.0;0.0;0.0;10.5;5.5;5.0;3.5;1.0;5.0;11.5;40.3;6.0;10.5;1.0;5.5;4.5;15.0;14.0;0.0;391.0;28.5;96.0;111.0;65.0;8.0;391.0;7.0;2.5;32.35;192.0;880.0;323.5;6.5;6.0;0.5;8.5;4.5;221.5;6.0;15.5;50.5;23.6;8.95;8.5;76.5;2.5;2.0;15.0;2.5;0.58;10.0;22.0;9.4;19.25;-9.0;-0.74;0.0;1.0;0.0;0.0;8.5;6.5;0.0;4.5;8.5;8.0;44.15;30.0;24.82;1.29;1.16;0.87;17.76;29.29;28.79;0.08;0.05;0.14;0.08;0.13;0.07;0.05;0.12;0.07;0.12;1.03;1.0;2.24;0.06;5.87;3.74;4.3;0.0;0.16;0.21;0.63;0.05;0.14;0.11;0.11;0.0;0.0;1.29;11.24;3.53;20.56;0.72;0.23;0.06;0.2;10.14;0.29;0.13;0.13;1.15;1.05;0.05;0.14;0.11;290.74;397.34;54.38;5301.97;2140.84;130.76;152.21;61.2;116.92;142.92;59.03;33.92;75.76;32.82;0.87;0.79;0.72;0.08;8.29;21.97;6.58;2.37;29.29;397.34;346.21;49.37;13.11;0.58;2.92;22.13;18.5;5.34;2.45;2.66;0.13;290.74;1.76;10.87;19.71;1.13;13.26;1.92;1.55;1.45;1.21;0.32;2.13;0.11;1.21;0.18;0.16;0.42;0.16;0.0;17.21;9.68;8.68;6.21;2.32;7.87;16.21;33.17;8.34;12.97;4.82;8.16;8.55;25.76;24.11;0.55;517.26;69.21;184.95;208.05;130.63;20.53;517.13;20.29;9.32;31.24;265.0;1578.68;784.55;17.76;12.63;4.45;15.26;10.13;287.13;28.79;15.16;43.47;28.95;11.0;11.0;52.37;6.84;4.16;13.53;4.84;0.46;15.05;24.61;12.29;22.57;-9.55;-0.68;-0.06;1.87;0.0;0.0;11.66;11.79;1.76;22.13;16.71;16.61;34.98;49.16;4.9;2.54;2.11;1.73;28.33;36.18;45.2;0.15;0.09;0.2;0.14;0.19;0.11;0.06;0.15;0.1;0.14;6.16;6.16;13.79;0.36;35.84;22.7;18.96;0.0;0.97;1.3;3.89;0.32;0.86;0.65;0.65;0.0;0.0;2.54;16.57;5.82;24.94;0.87;0.31;0.09;0.3;8.52;1.06;0.81;0.81;2.19;1.74;0.05;0.82;0.86;329.7;454.76;33.87;6751.24;3918.91;146.01;167.42;40.06;136.64;160.66;37.05;66.38;164.89;23.33;1.73;1.31;1.13;0.81;13.74;29.23;9.37;4.82;36.18;454.76;373.14;111.57;31.05;1.31;5.0;57.11;47.47;24.54;10.78;13.01;0.81;329.7;2.72;14.95;28.74;1.19;17.46;7.77;3.09;2.36;2.47;0.7;3.65;0.16;1.92;0.87;0.44;0.86;0.68;0.0;19.09;10.94;9.88;7.29;3.51;9.04;18.49;28.44;10.52;13.77;6.73;9.31;12.28;30.17;31.31;0.98;551.47;183.62;290.32;239.47;181.17;30.74;551.33;30.52;15.61;28.01;285.87;1859.09;981.34;28.33;18.08;8.98;19.0;14.71;305.69;45.2;13.09;33.47;29.27;11.12;11.47;38.67;9.27;5.59;12.97;7.16;0.34;15.62;24.76;12.67;22.63;9.83;0.72;0.7;2.09;0.0;0.0;12.41;15.67;3.51;57.11;25.37;29.28;30.17;53.62
Manchester City;25.0;0.5;0.5;0.0;22.5;33.5;30.0;0.03;0.0;0.11;0.03;0.11;0.08;0.06;0.16;0.08;0.16;0.0;0.0;0.0;0.0;0.0;0.0;0.0;0.0;0.0;0.0;0.0;0.0;0.0;0.0;0.0;0.0;0.0;0.5;7.0;3.5;25.0;1.03;0.25;0.02;0.08;15.45;0.0;0.0;0.0;0.9;0.9;0.06;0.0;0.0;508.5;574.0;85.75;7066.0;1332.5;288.5;302.5;93.95;157.5;172.0;87.35;24.5;32.5;55.3;0.0;0.8;1.25;0.0;9.0;19.5;10.0;0.0;33.5;574.0;542.5;17.0;8.0;1.0;1.0;5.0;2.5;0.0;0.0;0.0;0.0;508.5;0.0;9.0;22.5;1.96;18.5;0.0;0.0;1.0;1.0;0.0;3.5;0.2;2.5;0.0;0.0;0.0;0.0;0.0;8.5;3.5;1.0;3.5;2.0;2.5;5.5;38.45;3.5;7.0;0.0;5.5;3.0;12.0;5.5;0.0;666.5;10.5;67.5;220.0;231.5;27.0;662.5;7.5;3.0;41.95;451.0;2458.5;1305.0;22.5;21.0;1.0;7.0;6.5;533.5;30.0;17.5;53.5;30.3;11.5;11.0;82.0;6.0;2.0;15.0;3.5;2.38;26.0;9.0;23.0;11.85;16.5;1.52;0.0;0.5;0.0;0.0;6.5;13.0;0.0;5.0;2.5;4.0;35.9;44.0;24.97;3.13;2.83;2.3;37.57;68.67;67.73;0.14;0.17;0.31;0.13;0.3;0.15;0.12;0.27;0.14;0.26;1.4;1.27;1.13;0.06;3.63;2.53;4.83;0.0;0.93;0.23;0.1;0.43;3.01;0.1;0.1;0.0;0.0;3.13;22.77;8.8;26.12;1.44;0.63;0.08;0.2;11.86;0.83;0.3;0.33;2.73;2.47;0.08;0.4;0.36;820.53;925.27;69.63;13135.47;3742.33;429.83;457.37;75.42;314.97;343.53;71.29;55.07;83.27;47.67;2.3;2.02;2.07;0.28;18.17;63.0;16.13;2.17;68.67;925.27;871.2;52.67;15.33;2.83;4.43;23.33;20.13;9.53;3.8;2.2;0.23;820.53;1.4;12.77;41.97;2.26;33.03;2.17;2.17;2.23;1.8;0.57;5.63;0.41;4.17;0.17;0.47;0.33;0.43;0.07;17.23;10.17;6.1;7.37;3.77;7.4;15.27;29.76;7.87;11.77;2.5;9.27;7.77;25.0;15.23;0.57;1047.13;72.07;233.73;478.27;342.0;48.87;1046.8;24.37;12.57;35.41;673.67;3513.23;1935.7;37.57;28.9;13.83;14.7;11.87;811.43;67.73;17.77;47.5;36.62;13.91;13.93;55.57;10.03;3.83;15.27;7.37;2.09;35.2;12.47;29.5;13.02;22.73;1.19;-0.16;1.77;0.07;0.03;9.63;13.67;1.4;23.33;10.83;9.6;33.15;57.8;5.01;6.11;5.14;3.47;49.37;85.79;89.7;0.21;0.34;0.42;0.18;0.41;0.21;0.18;0.32;0.18;0.3;6.19;6.06;5.05;0.24;15.6;10.74;18.37;0.0;4.42;1.1;0.55;1.89;12.1;0.55;0.55;0.0;0.0;6.11;32.61;13.88;25.46;1.7;1.39;0.1;0.25;8.68;2.64;1.32;1.49;5.81;4.75;0.08;1.95;2.01;909.72;996.65;35.83;15208.38;4948.76;460.29;485.76;38.54;382.71;406.71;36.95;79.85;109.25;31.75;3.47;2.98;2.56;1.36;23.13;91.11;19.77;3.68;85.79;996.65;951.27;67.22;18.32;4.26;7.77;39.51;46.81;27.34;10.39;7.43;0.97;909.72;2.06;14.27;48.78;2.22;38.59;5.97;3.76;2.94;2.28;1.36;6.84;0.69;5.15;0.59;0.82;0.71;0.82;0.25;20.38;12.17;7.84;9.22;4.63;9.11;18.08;26.53;9.62;12.76;4.42;10.28;9.82;29.38;21.38;1.04;1096.27;180.24;332.59;613.52;381.6;65.64;1096.34;37.04;19.46;30.25;703.57;3591.67;2058.46;49.37;29.85;29.28;18.53;14.03;863.48;89.7;13.64;33.79;33.43;12.7;13.21;40.18;10.68;4.03;12.94;8.16;0.98;31.73;11.03;27.03;11.61;21.01;0.77;0.76;2.4;0.25;0.18;10.34;15.11;2.19;39.51;16.57;12.73;31.51;61.17
Manchester Utd;24.0;0.0;0.0;0.0;6.0;10.0;2.0;0.0;0.0;0.06;0.0;0.06;0.01;0.04;0.08;0.01;0.08;0.0;0.0;0.0;0.0;0.0;0.0;0.0;0.0;0.0;0.0;0.0;0.0;0.0;0.0;0.0;0.0;0.0;0.0;1.0;0.0;0.0;0.29;0.0;0.0;0.0;11.5;0.0;0.0;0.0;0.0;0.0;0.03;0.0;0.0;163.0;192.0;78.4;2414.0;735.0;105.0;115.0;87.5;42.0;53.0;76.2;4.0;12.0;50.0;0.0;0.2;0.3;0.0;3.0;7.0;2.0;0.0;10.0;192.0;187.0;5.0;1.0;0.0;0.0;1.0;0.0;0.0;0.0;0.0;0.0;163.0;0.0;3.0;7.0;1.29;6.0;0.0;0.0;0.0;0.0;0.0;1.0;0.03;0.0;0.0;0.0;0.0;0.0;0.0;5.0;3.0;2.0;2.0;0.0;2.0;3.0;37.5;2.0;6.0;1.0;3.0;1.0;7.0;6.0;0.0;232.0;8.0;44.0;88.0;31.0;6.0;232.0;4.0;2.0;36.6;146.0;797.0;355.0;6.0;5.0;0.0;5.0;2.0;163.0;2.0;9.0;41.0;12.0;4.6;4.0;74.0;1.0;3.0;11.0;3.0;1.38;5.0;7.0;7.0;8.0;0.0;0.0;0.0;1.0;0.0;0.0;4.0;3.0;0.0;1.0;4.0;5.0;30.8;14.0;23.6;1.33;1.19;0.84;17.65;34.4;34.12;0.08;0.08;0.16;0.08;0.16;0.1;0.17;0.27;0.1;0.26;0.88;0.88;1.35;0.04;4.72;3.4;1.74;0.0;0.42;0.14;0.33;0.21;0.55;0.16;0.16;0.0;0.0;1.33;12.63;4.23;17.85;1.42;0.25;0.07;0.16;9.94;0.35;0.14;0.16;1.33;1.2;0.05;-0.0;-0.01;367.09;454.37;55.62;6058.3;2121.53;183.53;206.19;61.0;138.72;161.47;54.27;31.51;58.53;36.58;0.84;0.94;0.8;-0.1;10.09;27.95;7.86;1.16;34.4;454.37;413.58;38.67;8.63;1.7;2.3;13.81;14.95;5.21;1.63;2.0;0.23;367.09;2.12;8.65;23.0;2.21;17.28;1.84;1.28;1.21;0.88;0.51;2.28;0.14;1.58;0.09;0.19;0.16;0.14;0.12;15.72;9.51;7.77;5.58;2.37;8.12;16.63;38.66;8.51;12.42;4.81;7.6;7.28;23.0;20.56;0.28;558.07;68.33;190.63;229.21;142.91;23.84;557.91;16.21;7.23;30.53;325.02;1753.37;921.09;17.65;12.16;6.4;11.26;7.95;362.65;34.12;13.28;37.88;25.58;9.73;9.72;50.33;6.19;3.56;10.14;4.4;1.09;14.58;14.84;14.45;17.63;-0.26;-0.05;0.02;1.93;0.02;0.02;9.33;7.91;2.12;13.81;10.14;10.47;28.58;43.05;5.1;2.66;2.31;1.48;33.14;52.96;61.38;0.14;0.21;0.25;0.14;0.25;0.19;0.67;0.84;0.19;0.84;5.79;5.79;8.84;0.23;30.96;22.26;11.42;0.0;2.74;0.91;2.13;1.37;3.61;1.07;1.07;0.0;0.0;2.66;23.66;8.12;24.32;4.56;0.37;0.16;0.26;9.51;1.7;0.68;0.81;2.57;2.21;0.06;0.82;0.83;436.85;554.73;39.44;7853.3;3562.21;210.75;238.02;43.08;175.81;204.26;40.67;57.89;123.24;32.38;1.48;2.0;1.68;0.78;19.51;39.69;15.37;2.94;52.96;554.73;492.55;71.11;16.29;4.76;4.31;36.93;44.28;23.31;7.19;8.59;1.25;436.85;3.97;13.84;39.56;4.64;27.72;7.45;3.31;2.69;2.11;0.94;4.15;0.22;2.86;0.48;0.55;0.48;0.41;0.39;21.9;13.52;12.19;7.95;3.84;12.23;24.48;32.44;13.44;16.43;7.7;10.87;10.62;31.2;29.49;0.59;664.58;190.3;304.39;281.52;234.44;46.19;664.18;29.03;12.33;28.24;380.83;2104.98;1161.99;33.14;18.5;18.43;17.03;11.86;426.93;61.38;12.91;32.72;29.91;11.36;11.62;39.88;9.73;4.01;10.17;5.61;0.81;17.64;17.22;16.88;20.83;3.14;0.53;0.67;2.36;0.15;0.15;11.59;11.43;4.14;36.93;14.81;13.76;28.14;52.13
Newcastle Utd;25.0;1.0;1.0;0.0;11.0;29.0;21.0;0.07;0.0;0.13;0.07;0.13;0.06;0.04;0.11;0.06;0.11;0.0;0.0;0.0;0.0;0.0;0.0;0.0;0.0;0.0;0.0;0.0;0.0;0.0;0.0;0.0;0.0;0.0;1.0;6.0;2.0;21.7;0.65;0.14;0.09;0.25;12.9;0.0;0.0;0.0;0.7;0.7;0.07;0.0;0.0;343.0;460.0;81.0;5229.0;1322.0;133.0;147.0;89.1;117.0;142.0;85.8;15.0;25.0;48.6;0.0;0.6;0.6;0.0;7.0;16.0;3.0;0.0;29.0;460.0;428.0;11.0;2.0;0.0;1.0;6.0;2.0;0.0;0.0;0.0;0.0;343.0;0.0;5.0;14.0;1.77;12.0;0.0;0.0;0.0;0.0;0.0;3.0;0.2;2.0;0.0;0.0;0.0;0.0;0.0;7.0;7.0;4.0;2.0;1.0;3.0;9.0;38.1;5.0;7.0;0.0;5.0;5.0;11.0;7.0;0.0;640.0;23.0;109.0;179.0;80.0;18.0;640.0;6.0;3.0;38.9;343.0;1664.0;720.0;11.0;6.0;1.0;8.0;4.0;285.0;21.0;17.0;54.0;29.0;11.0;9.0;80.0;5.0;3.0;18.0;1.0;1.56;26.0;15.0;24.2;12.8;6.0;0.27;-0.54;1.0;0.0;0.0;5.0;5.0;0.0;6.0;4.0;8.0;43.9;38.0;25.37;2.37;2.14;1.57;21.06;44.49;44.14;0.15;0.08;0.23;0.14;0.22;0.14;0.08;0.23;0.13;0.22;1.11;1.09;1.77;0.2;5.57;3.8;5.32;0.57;0.51;0.17;0.4;0.29;1.6;0.14;0.11;0.03;0.0;2.37;15.49;5.6;22.01;1.09;0.39;0.09;0.25;10.41;0.26;0.23;0.26;2.22;2.02;0.08;0.15;0.13;460.49;567.2;72.44;7836.14;2754.31;219.46;246.37;77.95;192.06;221.63;76.09;38.8;71.54;44.01;1.57;1.49;1.24;0.09;12.11;31.63;10.86;2.17;44.49;567.2;515.03;50.49;14.71;2.43;3.8;18.51;19.4;5.49;2.14;1.71;0.26;460.49;1.69;10.4;28.09;1.71;20.37;1.97;2.06;1.91;1.31;0.46;4.11;0.24;2.57;0.2;0.51;0.37;0.37;0.09;18.89;11.17;9.03;7.26;2.6;8.63;19.46;34.19;10.83;14.2;4.31;9.89;8.14;27.03;19.49;0.46;685.83;69.91;230.97;289.83;171.54;31.26;685.6;20.86;10.14;28.16;389.97;2098.37;1045.29;21.06;14.49;6.94;14.46;11.43;456.97;44.14;16.2;48.63;31.42;11.94;11.94;58.26;7.77;4.26;15.77;5.51;1.47;26.71;19.49;23.9;19.29;7.23;0.36;-0.22;2.26;0.03;0.03;11.03;13.4;1.69;18.51;12.94;11.94;37.95;52.46;5.21;4.24;3.47;2.81;29.57;60.36;56.87;0.23;0.13;0.3;0.2;0.27;0.22;0.11;0.27;0.19;0.24;4.57;4.43;7.53;0.75;23.78;16.13;18.07;3.38;2.12;0.75;1.65;1.18;6.72;0.85;0.68;0.17;0.0;4.24;20.77;8.52;21.38;1.25;0.61;0.09;0.27;7.77;0.85;0.91;1.07;4.05;3.34;0.07;0.78;0.77;530.62;649.69;25.88;9667.09;3619.49;237.52;266.67;32.73;244.05;277.92;29.72;61.32;108.45;28.33;2.81;2.2;1.85;0.96;17.61;42.81;16.24;4.02;60.36;649.69;592.97;83.76;27.0;4.95;8.3;40.6;44.14;20.42;7.7;6.88;1.36;530.62;2.72;11.61;37.66;1.55;26.21;5.62;3.41;2.88;2.56;1.17;6.2;0.26;3.42;0.63;1.2;0.84;1.0;0.28;22.69;13.42;11.52;9.24;3.61;10.85;23.82;27.62;13.35;16.87;8.17;11.88;11.03;32.62;31.55;0.85;759.11;130.22;314.83;360.48;214.41;39.2;759.11;32.98;16.27;25.93;442.42;2457.43;1219.38;29.57;19.56;12.48;18.48;15.67;522.06;56.87;12.32;32.16;30.19;11.48;11.99;37.83;9.56;4.42;15.43;7.06;0.8;25.74;19.03;22.8;19.08;9.15;2.83;2.93;2.79;0.17;0.17;13.4;21.56;3.49;40.6;21.45;15.58;31.7;58.96
Nott'ham Forest;25.0;0.0;0.0;0.0;4.0;12.0;6.0;0.0;0.0;0.0;0.0;0.0;0.04;0.04;0.08;0.04;0.08;0.0;0.0;0.0;0.0;0.0;0.0;0.0;0.0;0.0;0.0;0.0;0.0;0.0;0.0;0.0;0.0;0.0;0.0;5.0;0.0;0.0;0.58;0.0;0.0;0.0;14.4;0.0;0.0;0.0;0.2;0.2;0.06;0.0;0.0;201.0;274.0;73.7;3654.0;1412.0;78.0;87.0;84.9;97.0;105.0;76.4;16.0;28.0;49.1;0.0;0.2;0.3;0.0;3.0;10.0;2.0;0.0;12.0;274.0;225.0;8.0;4.0;0.0;0.0;1.0;1.0;0.0;0.0;0.0;0.0;201.0;1.0;3.0;9.0;1.36;8.0;0.0;0.0;0.0;0.0;0.0;1.0;0.12;1.0;0.0;0.0;0.0;0.0;0.0;8.0;5.0;4.0;1.0;0.0;3.0;6.0;45.5;3.0;6.0;1.0;4.0;2.0;10.0;12.0;0.0;343.0;28.0;138.0;116.0;61.0;7.0;343.0;3.0;1.0;35.3;168.0;932.0;429.0;4.0;2.0;0.0;4.0;3.0;186.0;6.0;12.0;58.0;22.9;8.7;8.0;79.0;4.0;2.0;8.0;3.0;0.92;9.0;12.0;10.1;11.1;-4.0;-0.31;0.08;1.0;0.0;0.0;6.0;2.0;0.0;1.0;9.0;7.0;46.9;21.0;25.32;1.2;1.17;1.05;14.73;27.8;27.37;0.06;0.06;0.13;0.06;0.13;0.09;0.06;0.15;0.09;0.15;0.93;0.93;1.63;0.14;3.98;2.39;4.27;0.0;0.22;0.22;0.49;0.1;0.93;0.1;0.1;0.0;0.0;1.2;10.98;3.49;14.82;1.29;0.21;0.04;0.15;11.62;0.17;0.02;0.02;1.23;1.21;0.06;-0.03;-0.04;289.59;382.27;60.96;5120.44;2025.54;134.29;156.39;68.03;116.17;142.85;64.91;30.78;60.73;40.59;1.05;0.93;0.68;0.12;7.93;22.07;5.95;1.49;27.8;382.27;340.71;39.68;9.98;1.29;2.02;14.51;16.12;3.61;1.95;1.34;0.0;289.59;1.88;7.68;19.1;1.98;13.8;1.63;1.2;1.37;0.78;0.32;2.2;0.17;1.71;0.12;0.17;0.07;0.07;0.05;17.76;10.46;10.66;5.34;1.76;7.93;14.8;34.0;6.88;11.9;4.1;7.8;8.07;25.83;23.61;0.32;490.68;60.85;179.02;202.68;114.29;19.15;490.66;14.71;6.71;29.08;249.17;1336.15;712.95;14.73;9.66;3.8;12.85;6.98;287.29;27.37;14.05;48.02;26.74;10.16;10.2;58.93;6.27;3.85;10.98;4.44;0.75;13.15;17.9;13.37;14.2;-4.76;-0.37;0.04;2.0;0.07;0.05;10.44;9.05;1.88;14.51;14.22;13.56;41.09;44.07;4.72;2.76;2.73;2.13;26.3;35.98;48.98;0.15;0.1;0.2;0.15;0.2;0.15;0.08;0.19;0.15;0.19;3.66;3.66;6.22;0.51;15.78;9.83;15.5;0.0;0.88;0.99;1.83;0.37;3.69;0.37;0.37;0.0;0.0;2.76;16.28;6.35;18.93;3.48;0.32;0.08;0.29;9.08;0.7;0.16;0.16;2.37;2.33;0.07;1.13;1.14;292.73;387.54;31.45;5375.2;2501.41;138.45;161.65;35.46;123.94;149.4;34.39;42.21;86.44;27.43;2.13;1.7;1.26;0.75;13.57;28.0;9.01;3.33;35.98;387.54;349.34;56.98;18.1;2.9;4.17;32.82;33.72;15.43;7.29;7.03;0.0;292.73;2.57;9.73;28.42;3.57;18.67;6.05;2.26;2.02;1.59;0.57;3.57;0.24;2.94;0.51;0.54;0.26;0.26;0.22;20.94;12.48;13.49;6.98;2.75;9.56;17.03;28.76;8.24;13.8;5.95;9.25;10.3;30.12;33.6;0.72;496.22;103.8;211.82;228.22;168.63;29.6;496.15;25.19;11.22;28.62;262.87;1574.32;894.86;26.3;15.52;9.06;18.7;10.12;304.53;48.98;11.86;32.35;25.23;9.58;9.65;36.83;7.38;4.28;10.66;4.85;0.47;13.2;17.33;13.26;13.57;5.06;0.47;0.56;2.33;0.26;0.22;12.44;14.01;3.93;32.82;17.74;20.19;29.99;48.21
Sheffield Utd;22.5;0.0;0.0;0.0;3.0;7.5;6.0;0.0;0.0;0.0;0.0;0.0;0.02;0.02;0.06;0.02;0.06;0.0;0.0;0.0;0.0;0.0;0.0;0.0;0.0;0.0;0.0;0.0;0.0;0.0;0.0;0.0;0.0;0.0;0.0;2.0;0.0;0.0;0.27;0.0;0.0;0.0;11.35;0.0;0.0;0.0;0.2;0.2;0.04;0.0;0.0;97.5;138.5;68.95;1414.0;453.5;44.0;63.0;83.15;33.0;44.0;74.15;4.5;8.0;36.4;0.0;0.1;0.1;-0.1;2.0;6.0;2.0;0.0;7.5;138.5;127.0;8.0;0.5;0.0;0.0;3.0;0.0;0.0;0.0;0.0;0.0;97.5;0.0;2.0;6.0;0.85;4.0;0.0;0.0;0.5;0.0;0.0;0.0;0.0;0.0;0.0;0.0;0.0;0.0;0.0;6.5;3.5;4.0;2.0;1.0;3.5;9.0;37.9;5.0;5.0;1.0;4.0;2.5;12.0;9.0;0.0;209.5;14.5;54.5;67.0;41.5;5.5;209.5;4.5;2.0;29.15;100.5;457.0;171.0;3.0;2.5;1.0;3.5;3.0;98.5;6.0;10.0;47.5;14.4;5.5;5.0;65.0;1.0;2.0;19.5;2.0;0.29;4.0;13.5;3.65;12.55;-10.5;-1.61;0.0;1.0;0.0;0.0;6.5;4.0;0.0;3.0;5.5;8.0;24.95;21.0;23.07;0.7;0.59;0.41;7.8;20.09;19.86;0.04;0.02;0.06;0.03;0.05;0.06;0.05;0.11;0.06;0.11;0.89;0.86;2.36;0.13;5.98;3.77;2.76;0.0;0.07;0.16;0.64;0.02;0.08;0.16;0.11;0.0;0.05;0.7;8.18;2.66;18.36;0.59;0.2;0.02;0.06;9.86;0.18;0.11;0.11;0.9;0.81;0.06;-0.2;-0.22;216.39;306.77;56.62;3859.16;1620.91;101.95;121.52;67.62;84.84;106.61;54.01;23.73;59.77;31.35;0.41;0.59;0.49;-0.18;5.84;15.93;4.5;1.09;20.09;306.77;267.11;38.2;8.64;0.57;1.18;9.73;15.14;3.2;1.59;1.07;0.14;216.39;1.45;7.3;13.66;1.04;9.66;1.34;0.89;1.02;0.5;0.25;1.09;0.08;0.73;0.05;0.09;0.14;0.07;0.02;16.11;9.2;8.52;5.64;1.95;6.8;14.43;27.96;7.64;11.68;4.09;7.59;7.91;24.02;23.68;0.41;407.73;63.95;162.5;162.27;87.05;14.68;407.61;13.14;5.68;28.59;188.93;983.16;462.25;7.8;6.52;2.89;11.11;7.34;214.66;19.86;12.95;42.84;24.92;9.47;9.5;50.32;5.98;3.45;17.84;4.27;0.33;8.73;25.82;9.53;19.07;-17.09;-2.03;-0.55;2.3;0.11;0.07;9.61;7.23;1.45;9.73;13.3;15.75;28.41;37.23;5.86;1.58;1.34;1.13;12.19;28.29;30.9;0.1;0.05;0.14;0.08;0.12;0.11;0.08;0.16;0.1;0.14;4.69;4.55;12.41;0.59;31.82;20.21;12.8;0.0;0.45;0.75;3.42;0.15;0.51;0.91;0.75;0.0;0.21;1.58;12.54;4.35;24.72;0.77;0.31;0.04;0.12;9.33;0.95;0.39;0.39;1.68;1.48;0.07;0.47;0.48;269.33;378.0;31.25;5220.27;2863.54;122.26;143.55;35.79;117.75;144.25;36.99;45.79;121.92;25.28;1.13;1.1;0.84;0.47;11.8;22.17;7.39;1.9;28.29;378.0;326.77;72.77;21.92;1.25;2.37;20.53;36.76;12.84;6.95;4.96;0.67;269.33;2.11;8.95;21.26;1.08;14.41;3.85;2.2;1.59;1.02;0.58;2.24;0.13;1.73;0.21;0.36;0.35;0.25;0.15;24.16;14.53;13.6;9.02;3.06;10.03;19.72;25.55;10.42;15.21;7.36;9.5;11.19;34.31;37.94;1.09;485.79;153.39;257.07;207.73;115.09;21.04;485.72;20.02;8.75;28.89;217.94;1163.96;581.42;12.19;8.89;5.35;15.38;10.65;250.27;30.9;12.27;31.87;28.39;10.78;10.87;36.93;8.77;3.75;13.7;5.14;0.47;10.37;29.36;11.21;21.32;19.57;3.45;3.36;3.01;0.39;0.33;12.53;8.05;2.79;20.53;23.62;22.22;25.44;46.32
Tottenham;24.0;0.0;0.0;0.0;14.0;26.5;15.0;0.0;0.0;0.04;0.0;0.04;0.09;0.02;0.14;0.09;0.14;0.0;0.0;0.0;0.0;0.0;0.0;0.0;0.0;0.0;0.0;0.0;0.0;0.0;0.0;0.0;0.0;0.0;0.0;5.0;1.0;21.5;0.88;0.18;0.0;0.0;12.35;0.0;0.0;0.0;0.5;0.5;0.06;0.0;0.0;303.5;376.5;81.7;4653.5;1245.5;158.0;191.0;90.2;115.5;134.5;86.75;9.0;15.5;51.1;0.0;0.4;0.55;0.0;4.0;11.5;5.0;0.0;26.5;376.5;356.0;15.0;3.0;0.0;0.0;3.0;1.5;0.0;0.0;0.0;0.0;303.5;1.0;4.0;12.5;1.81;11.0;0.0;0.0;0.5;0.0;0.0;2.0;0.14;1.0;0.0;0.0;0.0;0.0;0.0;6.0;3.5;3.5;2.5;1.0;3.0;7.5;38.45;4.0;4.0;1.0;3.0;3.0;11.5;4.0;0.0;449.5;12.5;87.5;154.0;98.5;14.0;449.5;9.0;4.5;40.0;305.5;1603.0;725.0;14.0;7.0;1.0;7.0;3.5;335.5;15.0;15.0;46.0;17.75;6.75;4.5;73.5;1.0;3.0;11.5;2.0;1.74;13.5;14.0;13.75;12.0;1.5;0.28;0.0;1.5;0.0;0.0;4.5;6.5;0.0;3.0;3.0;5.0;33.3;31.5;23.81;1.92;1.86;1.61;26.58;58.53;58.25;0.14;0.12;0.26;0.14;0.26;0.13;0.11;0.24;0.13;0.23;1.06;1.06;1.69;0.04;4.64;3.03;1.88;0.0;0.56;0.17;0.33;0.19;0.51;0.19;0.19;0.0;0.0;1.92;16.17;5.75;19.98;1.12;0.36;0.07;0.19;10.41;0.31;0.06;0.06;1.92;1.87;0.08;0.0;-0.01;573.58;672.14;66.74;9061.69;3093.89;295.28;322.69;71.94;232.25;259.58;67.2;30.25;52.92;44.46;1.61;1.6;1.44;0.01;12.78;44.11;12.61;1.81;58.53;672.14;615.75;54.08;17.67;2.53;1.64;19.72;20.08;6.5;2.58;1.94;0.03;573.58;2.31;13.33;29.25;2.15;22.72;1.67;1.67;1.69;0.86;0.64;3.39;0.25;2.67;0.19;0.19;0.14;0.08;0.11;20.11;12.53;9.31;7.33;3.47;10.0;19.19;34.71;9.19;12.36;3.67;8.69;9.86;29.97;19.64;0.67;792.47;77.53;236.64;340.56;222.53;36.56;792.42;22.56;9.97;31.29;502.25;2576.86;1294.25;26.58;17.61;9.69;15.53;10.42;568.92;58.25;16.33;41.97;30.43;11.56;11.61;51.06;6.78;4.72;13.86;4.72;1.45;22.58;18.44;20.78;19.14;4.14;-0.58;-0.78;2.56;0.11;0.06;11.81;14.17;2.31;19.72;9.97;10.78;32.06;52.97;4.63;3.59;3.36;2.92;37.39;69.62;97.51;0.32;0.23;0.41;0.32;0.4;0.16;0.17;0.27;0.15;0.27;6.33;6.33;10.17;0.27;27.83;18.17;11.28;0.0;3.33;1.0;2.0;1.17;3.07;1.17;1.17;0.0;0.0;3.59;22.55;9.11;19.34;1.17;0.47;0.12;0.27;8.47;0.95;0.33;0.33;3.11;2.97;0.07;1.63;1.59;655.96;755.04;34.51;10788.61;4260.36;328.92;356.54;36.89;297.49;319.98;37.84;40.53;81.5;31.27;2.92;2.87;2.19;1.17;20.38;56.83;19.59;3.85;69.62;755.04;683.49;96.69;28.79;4.54;2.98;41.37;58.73;22.89;9.48;8.13;0.17;655.96;3.2;17.55;41.55;2.21;31.39;5.82;2.9;2.55;1.88;1.15;4.94;0.36;3.82;0.62;0.62;0.35;0.28;0.32;25.8;16.25;12.83;9.83;5.13;13.93;25.82;31.23;12.85;15.33;5.69;11.43;12.67;37.82;29.34;1.17;869.47;215.0;381.91;417.26;293.72;58.59;869.44;31.13;13.06;25.46;548.85;2796.69;1471.89;37.39;21.28;19.25;20.68;15.18;612.35;97.51;13.91;33.09;32.85;12.49;13.24;39.57;10.45;6.15;15.86;5.99;0.81;24.35;18.72;22.2;19.93;7.66;5.19;5.25;2.84;0.4;0.23;14.98;16.75;4.7;41.37;16.52;13.75;27.73;61.33
West Ham;26.0;0.0;0.0;0.0;4.0;20.5;4.5;0.0;0.0;0.02;0.0;0.02;0.04;0.01;0.08;0.04;0.08;0.0;0.0;0.0;0.0;0.0;0.0;0.0;0.0;0.0;0.0;0.0;0.0;0.0;0.0;0.0;0.0;0.0;0.0;5.0;2.0;20.55;0.66;0.12;0.0;0.0;11.75;0.0;0.0;0.0;0.3;0.3;0.05;0.0;0.0;175.5;248.0;73.8;2963.0;911.0;78.5;86.0;85.3;67.0;83.5;78.9;13.5;29.5;46.35;0.0;0.2;0.1;0.0;3.5;12.0;1.0;0.0;20.5;248.0;224.5;11.5;2.0;0.0;2.0;1.0;1.5;0.0;0.0;0.0;0.0;175.5;1.5;4.0;9.5;1.27;7.0;0.0;0.0;0.0;0.0;0.0;0.0;0.0;0.0;0.0;0.0;0.0;0.0;0.0;9.0;4.5;3.5;3.0;0.0;4.0;10.0;35.2;4.0;4.5;1.0;3.0;3.5;13.5;7.0;0.0;301.5;14.5;95.0;128.0;34.5;6.0;301.5;4.0;1.5;34.2;162.5;775.0;424.0;4.0;2.0;1.0;6.0;2.5;193.0;4.5;13.5;44.0;17.0;6.45;4.5;79.0;2.0;3.0;11.0;4.0;1.31;8.5;12.5;8.75;12.75;-2.5;-0.27;0.0;1.0;0.0;0.0;3.0;5.0;0.0;1.0;6.5;5.5;41.25;20.5;25.62;1.81;1.69;1.25;17.38;37.72;37.25;0.18;0.04;0.22;0.17;0.22;0.12;0.05;0.16;0.11;0.16;1.28;1.19;2.31;0.14;7.53;5.28;4.39;0.89;0.44;0.31;0.44;0.16;0.85;0.31;0.25;0.06;0.0;1.81;13.91;4.56;21.37;0.92;0.35;0.08;0.2;10.38;0.53;0.12;0.16;1.65;1.52;0.07;0.17;0.17;392.75;511.66;60.09;6854.25;2674.22;188.84;214.25;68.51;150.53;179.72;64.77;41.56;84.94;35.48;1.25;1.1;0.96;0.15;9.53;30.59;7.03;2.22;37.72;511.66;455.25;54.19;13.41;1.88;4.94;20.66;22.53;5.16;2.91;1.91;0.0;392.75;2.22;12.84;24.44;1.53;16.19;2.84;1.81;1.34;1.47;0.78;3.25;0.14;2.19;0.34;0.25;0.25;0.12;0.09;21.38;13.31;10.94;7.94;2.5;9.59;18.97;34.05;9.38;15.22;5.62;9.59;11.28;32.66;28.31;0.28;652.34;81.41;228.16;284.38;146.62;23.44;652.16;23.28;11.03;30.32;349.5;1895.56;900.06;17.38;11.53;5.25;16.09;12.41;389.34;37.25;16.47;45.56;34.33;13.04;13.06;56.72;9.59;3.41;12.84;7.28;1.11;20.59;25.38;17.96;24.37;-4.78;-0.42;-0.03;2.56;0.09;0.09;12.19;12.25;2.22;20.66;18.0;17.81;40.27;56.78;5.37;3.51;3.4;2.34;28.9;49.95;58.55;0.48;0.08;0.49;0.48;0.49;0.17;0.07;0.21;0.17;0.2;5.7;5.58;9.97;0.55;34.24;24.56;17.31;5.06;2.0;1.6;2.0;0.72;3.35;1.33;1.02;0.35;0.0;3.51;20.76;7.8;23.53;1.0;0.53;0.18;0.28;8.93;2.83;0.49;0.51;2.75;2.62;0.07;1.08;1.06;456.27;580.37;33.22;7815.35;3477.97;241.5;270.12;37.34;176.53;207.77;36.26;56.32;120.59;27.66;2.34;1.99;1.71;0.76;15.41;41.79;12.34;4.88;49.95;580.37;513.13;95.13;22.58;5.33;7.67;41.6;70.81;21.55;12.12;9.38;0.0;456.27;2.92;18.68;34.63;1.59;21.85;9.45;4.65;2.01;2.83;1.16;5.46;0.2;3.74;1.29;0.67;0.67;0.42;0.3;28.83;18.4;15.43;11.0;4.33;13.35;24.47;27.65;11.88;18.87;8.77;12.58;14.96;42.55;42.3;0.73;722.09;159.01;286.9;351.59;207.51;37.29;721.82;44.37;23.52;30.09;380.69;2098.66;1015.58;28.9;16.73;11.37;24.88;23.47;438.54;58.55;13.73;35.28;35.91;13.64;14.27;39.35;11.69;3.97;12.74;8.73;0.68;22.35;26.25;18.71;25.26;5.95;1.01;1.18;3.32;0.3;0.3;14.98;18.9;4.82;41.6;24.76;22.65;30.71;67.59
Wolves;22.0;0.0;0.0;0.0;1.0;7.0;7.0;0.0;0.0;0.0;0.0;0.0;0.03;0.03;0.07;0.03;0.07;0.0;0.0;0.0;0.0;0.0;0.0;0.0;0.0;0.0;0.0;0.0;0.0;0.0;0.0;0.0;0.0;0.0;0.0;3.0;0.0;0.0;0.5;0.0;0.0;0.0;10.8;0.0;0.0;0.0;0.2;0.2;0.05;0.0;0.0;87.0;106.0;77.0;1077.0;279.0;37.0;43.0;86.8;23.0;26.0;78.6;2.0;6.0;39.2;0.0;0.1;0.1;0.0;2.0;6.0;1.0;0.0;7.0;106.0;97.0;8.0;1.0;0.0;0.0;1.0;0.0;0.0;0.0;0.0;0.0;87.0;0.0;2.0;5.0;1.03;5.0;0.0;0.0;0.0;0.0;0.0;0.0;0.0;0.0;0.0;0.0;0.0;0.0;0.0;6.0;2.0;3.0;2.0;1.0;2.0;3.0;33.3;1.0;3.0;1.0;2.0;1.0;8.0;2.0;0.0;131.0;4.0;30.0;44.0;25.0;5.0;131.0;3.0;1.0;33.3;66.0;437.0;186.0;1.0;2.0;1.0;3.0;2.0;76.0;7.0;8.0;34.0;7.7;2.9;3.0;76.0;1.0;1.0;7.0;3.0;0.92;4.0;7.0;4.3;7.5;-3.0;-0.22;0.0;1.0;0.0;0.0;5.0;4.0;1.0;1.0;2.0;4.0;25.0;10.0;23.0;1.21;1.1;0.92;17.21;30.26;29.82;0.08;0.04;0.12;0.07;0.12;0.08;0.06;0.14;0.08;0.14;1.03;0.97;1.67;0.09;5.21;3.56;3.25;0.0;0.33;0.18;0.46;0.13;1.15;0.21;0.21;0.0;0.0;1.21;10.9;3.92;17.6;0.73;0.26;0.05;0.12;9.17;0.31;0.1;0.1;1.24;1.15;0.06;-0.03;-0.05;397.03;491.67;53.35;6562.38;2170.49;197.28;219.92;59.64;156.41;179.9;56.78;31.23;64.79;31.72;0.92;0.84;0.71;0.09;8.1;23.33;6.13;1.56;30.26;491.67;446.38;43.28;11.26;1.26;3.21;14.82;17.54;4.0;1.92;1.05;0.38;397.03;2.0;8.54;19.05;3.57;13.31;1.72;1.36;1.21;1.08;0.38;2.08;0.1;1.33;0.18;0.18;0.15;0.18;0.05;18.95;11.03;10.64;6.33;1.97;8.0;15.56;30.03;7.56;12.97;4.44;8.54;7.28;26.23;21.23;0.41;602.18;72.38;222.41;263.13;123.18;18.95;602.08;21.1;10.64;32.63;334.77;1829.44;941.82;17.21;13.31;4.31;13.74;9.97;393.59;29.82;14.46;39.41;28.11;10.68;10.72;51.23;6.87;3.74;11.62;5.03;0.74;14.08;18.26;13.16;18.94;-4.18;-0.35;-0.03;2.62;0.1;0.05;12.21;10.38;2.0;14.82;11.31;12.59;27.78;48.33;4.77;2.76;2.52;2.12;29.28;41.52;47.66;0.2;0.11;0.25;0.2;0.24;0.13;0.1;0.22;0.12;0.22;5.64;5.61;9.33;0.38;30.14;20.98;14.34;0.0;1.92;1.12;2.57;0.66;5.59;1.28;1.28;0.0;0.0;2.76;16.9;7.21;20.22;0.84;0.37;0.09;0.21;8.94;1.24;0.38;0.38;2.19;1.98;0.06;0.98;0.96;524.95;635.26;38.73;9033.54;3326.77;258.94;285.82;43.03;231.86;258.7;41.42;48.81;109.37;28.18;2.12;1.34;1.16;1.14;11.96;32.51;10.02;2.92;41.52;635.26;585.55;73.17;16.91;2.46;5.55;30.09;46.77;12.69;6.48;3.46;1.68;524.95;2.95;11.96;26.37;14.27;17.09;4.95;2.8;1.96;2.23;1.04;3.73;0.19;2.34;0.72;0.6;0.37;0.56;0.22;29.24;17.58;16.97;10.29;3.04;11.47;21.89;27.18;11.1;17.79;8.97;11.44;11.12;38.73;38.98;1.09;759.34;184.38;366.03;348.42;173.38;29.73;759.28;35.22;17.51;33.93;424.68;2297.61;1253.92;29.28;20.85;9.61;20.63;15.24;502.4;47.66;14.41;35.36;33.53;12.74;13.37;39.37;10.53;5.55;13.99;6.52;0.69;17.56;21.32;15.77;22.46;5.44;0.74;0.85;3.59;0.31;0.22;16.55;14.33;3.24;30.09;19.47;15.07;29.11;62.95
